/* Kreiranje obicnih korisnika */
INSERT INTO registered_user (id, version, authority, email, first_name, last_name, password, username, state, bonus_points, city, phone_number) VALUES (1, 0, 'REGULAR_USER', 'dgrewe0@europa.eu', 'Dominique', 'Grewe', '$2a$10$pecFoe2tXMRGnQR6jNY2mOq6MlwI0JHGljP0MHpRYeA1OQecUjcVa', 'user1', 'ACTIVE', 0, 'Kangping', '127-702-9199');
INSERT INTO registered_user (id, version, authority, email, first_name, last_name, password, username, state, bonus_points, city, phone_number) VALUES (2, 0, 'REGULAR_USER', 'dabelwhite1@squidoo.com', 'Dre', 'Abelwhite', '$2a$10$2RMGI5/i/0.azyI7TuKV4enFAjx03rosiCSEy762SIMjSiAXgeQme', 'user2', 'ACTIVE', 0, 'Yanaul', '585-206-7728');
INSERT INTO registered_user (id, version, authority, email, first_name, last_name, password, username, state, bonus_points, city, phone_number) VALUES (3, 0, 'REGULAR_USER', 'cmurley2@freewebs.com', 'Charlene', 'Murley', '$2a$10$oqDJmCc7f70vJo/GlUNUdu16OmqKO2r1pimXri.A0oMIjc/92YQtG', 'user3', 'ACTIVE', 0, 'Shuj훮훮b훮d', '964-873-5449');
INSERT INTO registered_user (id, version, authority, email, first_name, last_name, password, username, state, bonus_points, city, phone_number) VALUES (4, 0, 'REGULAR_USER', 'asantora3@pinterest.com', 'Ailsun', 'Santora', '$2a$10$IPbFrxANVG6N6ISErWdz1O4d81QVUPu8Be60VZiyZtrvdCnmPbjAK', 'user4', 'ACTIVE', 0, 'Stenungsund', '839-156-2257');
INSERT INTO registered_user (id, version, authority, email, first_name, last_name, password, username, state, bonus_points, city, phone_number) VALUES (5, 0, 'REGULAR_USER', 'jdryburgh4@about.me', 'Jerald', 'Dryburgh', '$2a$10$x0vED9/rVYV5DrHffnFdoe3OTOfHoqltGS13Ujs1BDrC2UAxhVYQm', 'user5', 'ACTIVE', 0, 'Hisings K채rra', '957-805-5781');
INSERT INTO registered_user (id, version, authority, email, first_name, last_name, password, username, state, bonus_points, city, phone_number) VALUES (6, 0, 'REGULAR_USER', 'csedcole5@fc2.com', 'Candra', 'Sedcole', '$2a$10$fkv7Zafx1t2EmeqLBMb6R.NnLCo8tsJNThl0krFIkVnBDhGqnk.3m', 'user6', 'ACTIVE', 0, 'Kamieniec', '698-990-0514');
INSERT INTO registered_user (id, version, authority, email, first_name, last_name, password, username, state, bonus_points, city, phone_number) VALUES (7, 0, 'REGULAR_USER', 'vreddle6@businessweek.com', 'Velvet', 'Reddle', '$2a$10$T1uMM8e0u0kcznrZSKhV5ewXsATa362e4Juu0s5Lp.mFza877nTte', 'user7', 'ACTIVE', 0, 'Shu', '874-812-3594');
INSERT INTO registered_user (id, version, authority, email, first_name, last_name, password, username, state, bonus_points, city, phone_number) VALUES (8, 0, 'REGULAR_USER', 'wohollegan7@eventbrite.com', 'Wendye', 'O''Hollegan', '$2a$10$40.rqUbSb3FJX9NnMi3HIejRgTIn69jzUY2MZCOQBQkvbEMOYRD0m', 'user8', 'ACTIVE', 0, 'Oleiros', '126-539-0854');
INSERT INTO registered_user (id, version, authority, email, first_name, last_name, password, username, state, bonus_points, city, phone_number) VALUES (9, 0, 'REGULAR_USER', 'batyeo8@paginegialle.it', 'Boothe', 'Atyeo', '$2a$10$1yMBGMTvXY3bMjC8rT0b2.aJJKNDVXHqbolPZPXYYxaGG2rYPjGqu', 'user9', 'ACTIVE', 0, 'Ninghai', '961-344-1169');
/* Kreiranje admina avio kompanije */
INSERT INTO company_admin (id, first_name, last_name, email, authority, city, version, username, password, phone_number, state, airline_id) VALUES (1, 'Alair', 'Sterke', 'asterke0@wordpress.com', 'AIRLINE_ADMIN', 'Idalolong', 0, 'airline_admin1', '$2a$10$NTB.lemL7k38r7aVGw65lOfRak53Lt9ihYJcR1wHFLm3v3Z2uNVTe', '946-448-3240', 'ACTIVE', '1');
INSERT INTO company_admin (id, first_name, last_name, email, authority, city, version, username, password, phone_number, state, airline_id) VALUES (2, 'Eleen', 'Tadlow', 'etadlow1@prweb.com', 'AIRLINE_ADMIN', 'Sainte-Anne-de-Bellevue', 0, 'airline_admin2', '$2a$10$d0PDImL8wAvdHigzknF09.gcmpLKCv5SpoWAQ8nh1rdOxzrHIsi3e', '687-952-9012', 'ACTIVE', '2');
INSERT INTO company_admin (id, first_name, last_name, email, authority, city, version, username, password, phone_number, state, airline_id) VALUES (3, 'Allys', 'Van Giffen', 'avangiffen2@blinklist.com', 'AIRLINE_ADMIN', 'Kiaranonggeng', 0, 'airline_admin3', '$2a$10$AHMaYB4k0smCSPHJ75mviOB4eO2JyaTmi3EEaYCZbJXetwXVZVxLm', '346-157-4231', 'ACTIVE', '3');
/* Kreiranje admina hotela */
INSERT INTO company_admin (id, first_name, last_name, email, authority, city, version, username, password, phone_number, state, hotel_id) VALUES (4, 'Gun', 'Greenalf', 'ggreenalf0@goodreads.com', 'HOTEL_ADMIN', 'Antanifotsy', 0, 'hotel_admin1', '$2a$10$ndcc1ro1Jg6SesjjW3c7SunOceD5O55sz/WC9cV/0f7NeOSJ2.EhO', '712-713-6071', 'ACTIVE', '1');
INSERT INTO company_admin (id, first_name, last_name, email, authority, city, version, username, password, phone_number, state, hotel_id) VALUES (5, 'Lilyan', 'Bowsher', 'lbowsher1@google.ru', 'HOTEL_ADMIN', 'Nangkasari', 0, 'hotel_admin2', '$2a$10$BozJ6jzk3aCMgGIN7cFOju1my62Mc51CW/isE110tey1/JN7jaTIW', '183-882-4889', 'ACTIVE', '2');
INSERT INTO company_admin (id, first_name, last_name, email, authority, city, version, username, password, phone_number, state, hotel_id) VALUES (6, 'Orlan', 'Midford', 'omidford2@360.cn', 'HOTEL_ADMIN', 'Derbent', 0, 'hotel_admin3', '$2a$10$Uj5f.2lY.XoKqPbPo2COiOLLLLnG8pTvYg4I.fsbcrn9pIOImpAGu', '450-147-6406', 'ACTIVE', '4');
/* Kreiranje admina rent-a-car-a */
INSERT INTO company_admin (id, first_name, last_name, email, authority, city, version, username, password, phone_number, state, rentacar_id) VALUES (7, 'Rafaello', 'Pepis', 'rpepis0@pbs.org', 'RENT_A_CAR_ADMIN', 'Leninsk', 0, 'rent_admin1', '$2a$10$l32J3RJHr7kH6KP6vmDmou3wtP0/bROwHxROe/q6Rj3ILV9cRYi6q', '237-261-4660', 'ACTIVE', '2');
INSERT INTO company_admin (id, first_name, last_name, email, authority, city, version, username, password, phone_number, state, rentacar_id) VALUES (8, 'Orlando', 'Mulvagh', 'omulvagh1@usnews.com', 'RENT_A_CAR_ADMIN', 'Cedynia', 0, 'rent_admin2', '$2a$10$E5Vsa4Debcmsi0gRkzHiauJ2yF8bVcit58JP2EciJ5UHe1jagH4Bi', '710-547-6466', 'ACTIVE', '4');
INSERT INTO company_admin (id, first_name, last_name, email, authority, city, version, username, password, phone_number, state, rentacar_id) VALUES (9, 'Korrie', 'Ricciardelli', 'kricciardelli2@godaddy.com', 'RENT_A_CAR_ADMIN', 'Angers', 0, 'rent_admin3', '$2a$10$Cj8.2Iex2MF3uDGgBKbXY.Rth.SXPAehCYDB0oVQ9OfCa4VdzvlWK', '303-148-6796', 'ACTIVE', '5');
/* Kreiranje admina sistema */
INSERT INTO user_admin (id, first_name, last_name, email, authority, city, version, username, password, phone_number, state) VALUES (10, 'Lorelle', 'Pevreal', 'lpevreal0@studiopress.com', 'USERS_ADMIN', 'Santa Cruz', 0, 'admin', '$2a$10$jWsfQV4OfLEOlfz64gmyTuY0M4Mtmcjp0SRaBST6M3b0lh2dGKTIa', '140-456-6046', 'ACTIVE');
/* Kreiranje prijateljstava i povezivanje */
INSERT INTO friendships_between_users (friendship_id,`user_id`) VALUES (1,6);
INSERT INTO friendships_between_users (friendship_id,`user_id`) VALUES (1,4);
INSERT INTO friendships_between_users (friendship_id,`user_id`) VALUES (2,3);
INSERT INTO friendships_between_users (friendship_id,`user_id`) VALUES (2,5);
/* Kreiranje prijateljstava */
INSERT INTO friendship (id,`friends_since`) VALUES (1,'2019-02-07 23:47:15');
INSERT INTO friendship (id,`friends_since`) VALUES (2,'2019-02-07 23:47:21');
/* Kreiranje zahteva za prijateljstva */
INSERT INTO friend_request (id,`request_time`,`receiver_id`,`sender_id`) VALUES (1,'2019-02-07 23:46:03',5,2);
INSERT INTO friend_request (id,`request_time`,`receiver_id`,`sender_id`) VALUES (3,'2019-02-07 23:46:13',9,6);
/* Airline */

/* Kreiranje avio kompanija i povezivanje sa destinacijama */
INSERT INTO airline (id, rating, version, address, description, name, location_id) VALUES (1, 0, 0, '9 Springs Plaza', 'Self-enabling uniform Graphic Interface', 'Dickinson-Weissnat', 25);
INSERT INTO airline (id, rating, version, address, description, name, location_id) VALUES (2, 0, 0, '28 Emmet Lane', 'Up-sized zero administration encoding', 'Treutel-Upton', 44);
INSERT INTO airline (id, rating, version, address, description, name, location_id) VALUES (3, 0, 0, '2901 Killdeer Place', 'Ameliorated incremental installation', 'Jast-Bashirian', 18);
INSERT INTO airline (id, rating, version, address, description, name, location_id) VALUES (4, 0, 0, '8754 Dunning Alley', 'Intuitive multi-tasking projection', 'Bradtke and Sons', 92);
INSERT INTO airline (id, rating, version, address, description, name, location_id) VALUES (5, 0, 0, '72 Schlimgen Pass', 'Team-oriented optimizing knowledge base', 'Wiegand Inc', 28);
/* Kreiranje informacija o prtljazima i pridruzivanje avio kompanijama */
INSERT INTO luggage_info (id, max_weight, min_weight, price, airline_id, version) VALUES (1, 20, 0, 30.0, 1, 0);
INSERT INTO luggage_info (id, max_weight, min_weight, price, airline_id, version) VALUES (2, 35, 20, 75.0, 1, 0);
INSERT INTO luggage_info (id, max_weight, min_weight, price, airline_id, version) VALUES (3, 30, 0, 35.0, 2, 0);
INSERT INTO luggage_info (id, max_weight, min_weight, price, airline_id, version) VALUES (4, 40, 0, 45.0, 3, 0);
INSERT INTO luggage_info (id, max_weight, min_weight, price, airline_id, version) VALUES (5, 20, 0, 30.0, 4, 0);
INSERT INTO luggage_info (id, max_weight, min_weight, price, airline_id, version) VALUES (6, 20, 0, 15.0, 5, 0);
INSERT INTO luggage_info (id, max_weight, min_weight, price, airline_id, version) VALUES (7, 30, 20, 25.0, 5, 0);
INSERT INTO luggage_info (id, max_weight, min_weight, price, airline_id, version) VALUES (8, 60, 30, 45.0, 5, 0);
/* Kreiranje konfiguracije letova i pridruzivanje avio kompanijama */
INSERT INTO flight_configuration (id, airline_id, version) VALUES (1,1, 0);
INSERT INTO flight_configuration (id, airline_id, version) VALUES (2,1, 0);
INSERT INTO flight_configuration (id, airline_id, version) VALUES (3,2, 0);
INSERT INTO flight_configuration (id, airline_id, version) VALUES (4,2, 0);
INSERT INTO flight_configuration (id, airline_id, version) VALUES (5,3, 0);
INSERT INTO flight_configuration (id, airline_id, version) VALUES (6,3, 0);
INSERT INTO flight_configuration (id, airline_id, version) VALUES (7,3, 0);
INSERT INTO flight_configuration (id, airline_id, version) VALUES (8,3, 0);
INSERT INTO flight_configuration (id, airline_id, version) VALUES (9,4, 0);
INSERT INTO flight_configuration (id, airline_id, version) VALUES (10,4, 0);
INSERT INTO flight_configuration (id, airline_id, version) VALUES (11,5, 0);
INSERT INTO flight_configuration (id, airline_id, version) VALUES (12,5, 0);
INSERT INTO flight_configuration (id, airline_id, version) VALUES (13,5, 0);
INSERT INTO flight_configuration (id, airline_id, version) VALUES (14,5, 0);
/* Kreiranje kategorija sedista i pridruzivanje avio kompanijama */
INSERT INTO flight_seat_category (id, name, price, airline_id, version) VALUES (1, "Ekonomska klasa", 0, 1, 0);
INSERT INTO flight_seat_category (id, name, price, airline_id, version) VALUES (2, "Biznis klasa", 70, 1, 0);
INSERT INTO flight_seat_category (id, name, price, airline_id, version) VALUES (3, "Ekonomska klasa", 0, 2, 0);
INSERT INTO flight_seat_category (id, name, price, airline_id, version) VALUES (4, "Ekonomska klasa", 0, 3, 0);
INSERT INTO flight_seat_category (id, name, price, airline_id, version) VALUES (5, "Ekonomska klasa", 0, 4, 0);
INSERT INTO flight_seat_category (id, name, price, airline_id, version) VALUES (6, "Biznis klasa", 60, 4, 0);
INSERT INTO flight_seat_category (id, name, price, airline_id, version) VALUES (7, "Luksuzna klasa", 130, 4, 0);
INSERT INTO flight_seat_category (id, name, price, airline_id, version) VALUES (8, "Ekonomska klasa", 0, 5, 0);
INSERT INTO flight_seat_category (id, name, price, airline_id, version) VALUES (9, "Biznis klasa", 40, 5, 0);
/* Kreiranje segmenata kategorijama letova i dodavanje kategorije svakom od segmenata */
INSERT INTO flight_segment (id, columns, end_row, start_row, category_id, configuration_id, version) VALUES (1, 15, 5, 1, 1, 1, 0);
INSERT INTO flight_segment (id, columns, end_row, start_row, category_id, configuration_id, version) VALUES (2, 7, 10, 1, 1, 2, 0);
INSERT INTO flight_segment (id, columns, end_row, start_row, category_id, configuration_id, version) VALUES (3, 4, 14, 11, 2, 2, 0);
INSERT INTO flight_segment (id, columns, end_row, start_row, category_id, configuration_id, version) VALUES (4, 8, 10, 1, 3, 3, 0);
INSERT INTO flight_segment (id, columns, end_row, start_row, category_id, configuration_id, version) VALUES (5, 6, 20, 1, 3, 4, 0);
INSERT INTO flight_segment (id, columns, end_row, start_row, category_id, configuration_id, version) VALUES (6, 6, 6, 1, 4, 5, 0);
INSERT INTO flight_segment (id, columns, end_row, start_row, category_id, configuration_id, version) VALUES (7, 8, 10, 1, 4, 6, 0);
INSERT INTO flight_segment (id, columns, end_row, start_row, category_id, configuration_id, version) VALUES (8, 10, 4, 1, 4, 7, 0);
INSERT INTO flight_segment (id, columns, end_row, start_row, category_id, configuration_id, version) VALUES (9, 6, 5, 1, 4, 8, 0);
INSERT INTO flight_segment (id, columns, end_row, start_row, category_id, configuration_id, version) VALUES (10, 10, 5, 1, 5, 9, 0);
INSERT INTO flight_segment (id, columns, end_row, start_row, category_id, configuration_id, version) VALUES (11, 7, 10, 6, 6, 9, 0);
INSERT INTO flight_segment (id, columns, end_row, start_row, category_id, configuration_id, version) VALUES (12, 15, 12, 1, 5, 10, 0);
INSERT INTO flight_segment (id, columns, end_row, start_row, category_id, configuration_id, version) VALUES (13, 8, 20, 13, 6, 10, 0);
INSERT INTO flight_segment (id, columns, end_row, start_row, category_id, configuration_id, version) VALUES (14, 4, 25, 21, 7, 10, 0);
INSERT INTO flight_segment (id, columns, end_row, start_row, category_id, configuration_id, version) VALUES (15, 8, 12, 1, 9, 11, 0);
INSERT INTO flight_segment (id, columns, end_row, start_row, category_id, configuration_id, version) VALUES (16, 12, 8, 1, 8, 12, 0);
INSERT INTO flight_segment (id, columns, end_row, start_row, category_id, configuration_id, version) VALUES (17, 6, 14, 9, 9, 12, 0);
INSERT INTO flight_segment (id, columns, end_row, start_row, category_id, configuration_id, version) VALUES (18, 9, 14, 1, 8, 13, 0);
INSERT INTO flight_segment (id, columns, end_row, start_row, category_id, configuration_id, version) VALUES (19, 7, 8, 1, 8, 14, 0);
/* Kreiranje putnika */
INSERT INTO passenger (id, version, first_name, last_name, passport_number) VALUES (1, 0, 'Sophronia', 'Rainville', '4738509861');
INSERT INTO passenger (id, version, first_name, last_name, passport_number) VALUES (2, 0, 'Shirley', 'Walasik', '9107422423');
INSERT INTO passenger (id, version, first_name, last_name, passport_number) VALUES (3, 0, 'Judon', 'Oxtiby', '8077995810');
INSERT INTO passenger (id, version, first_name, last_name, passport_number) VALUES (4, 0, 'Harbert', 'Lehemann', '6224006423');
INSERT INTO passenger (id, version, first_name, last_name, passport_number) VALUES (5, 0, 'Jefferson', 'Lettice', '6137303209');
INSERT INTO passenger (id, version, first_name, last_name, passport_number) VALUES (6, 0, 'Ardelle', 'Matthai', '8775778866');
INSERT INTO passenger (id, version, first_name, last_name, passport_number) VALUES (7, 0, 'Ronalda', 'Philipart', '2261881274');
INSERT INTO passenger (id, version, first_name, last_name, passport_number) VALUES (8, 0, 'Jobey', 'Yarrell', '2792366338');
INSERT INTO passenger (id, version, first_name, last_name, passport_number) VALUES (9, 0, 'Gaby', 'Overstall', '3687110702');
INSERT INTO passenger (id, version, first_name, last_name, passport_number) VALUES (10, 0, 'Angel', 'Newitt', '4243548595');
INSERT INTO passenger (id, version, first_name, last_name, passport_number) VALUES (11, 0, 'Griswold', 'Pittwood', '2988424322');
INSERT INTO passenger (id, version, first_name, last_name, passport_number) VALUES (12, 0, 'Vyky', 'Franklen', '5495953037');
INSERT INTO passenger (id, version, first_name, last_name, passport_number) VALUES (13, 0, 'Gerhard', 'Akister', '0500025916');
INSERT INTO passenger (id, version, first_name, last_name, passport_number) VALUES (14, 0, 'Kristo', 'Presnail', '9756111976');
INSERT INTO passenger (id, version, first_name, last_name, passport_number) VALUES (15, 0, 'Drugi', 'Guitton', '6362916514');
INSERT INTO passenger (id, version, first_name, last_name, passport_number) VALUES (16, 0, 'Christoffer', 'Maciocia', '8799571765');
INSERT INTO passenger (id, version, first_name, last_name, passport_number) VALUES (17, 0, 'Siouxie', 'O''Conor', '8184327773');
INSERT INTO passenger (id, version, first_name, last_name, passport_number) VALUES (18, 0, 'Stormi', 'Chark', '3867465258');
INSERT INTO passenger (id, version, first_name, last_name, passport_number) VALUES (19, 0, 'Gilda', 'Roark', '6136617994');
INSERT INTO passenger (id, version, first_name, last_name, passport_number) VALUES (20, 0, 'Logan', 'Dooher', '2159056340');
INSERT INTO passenger (id, version, first_name, last_name, passport_number) VALUES (21, 0, 'Loralyn', 'Doak', '3571576810');
INSERT INTO passenger (id, version, first_name, last_name, passport_number) VALUES (22, 0, 'Jere', 'Ragat', '1460106857');
INSERT INTO passenger (id, version, first_name, last_name, passport_number) VALUES (23, 0, 'Charissa', 'Baldelli', '4542348628');
INSERT INTO passenger (id, version, first_name, last_name, passport_number) VALUES (24, 0, 'Selene', 'Jannex', '6367858075');
INSERT INTO passenger (id, version, first_name, last_name, passport_number) VALUES (25, 0, 'Adoree', 'Simonutti', '7265186877');
INSERT INTO passenger (id, version, first_name, last_name, passport_number) VALUES (26, 0, 'Vicky', 'Banton', '0410183202');
INSERT INTO passenger (id, version, first_name, last_name, passport_number) VALUES (27, 0, 'Marie-jeanne', 'Bartrop', '4756579329');
INSERT INTO passenger (id, version, first_name, last_name, passport_number) VALUES (28, 0, 'Duffy', 'Scamerdine', '6741703233');
INSERT INTO passenger (id, version, first_name, last_name, passport_number) VALUES (29, 0, 'Katalin', 'Emmett', '4770180608');
INSERT INTO passenger (id, version, first_name, last_name, passport_number) VALUES (30, 0, 'Randi', 'Marsy', '5452996982');
INSERT INTO passenger (id, version, first_name, last_name, passport_number) VALUES (31, 0, 'Belita', 'Sarjant', '8917515681');
INSERT INTO passenger (id, version, first_name, last_name, passport_number) VALUES (32, 0, 'Evvy', 'Embery', '2664754017');
INSERT INTO passenger (id, version, first_name, last_name, passport_number) VALUES (33, 0, 'Deloria', 'Astling', '1685907717');
INSERT INTO passenger (id, version, first_name, last_name, passport_number) VALUES (34, 0, 'Janos', 'Seebright', '9983465434');
INSERT INTO passenger (id, version, first_name, last_name, passport_number) VALUES (35, 0, 'Sela', 'Belford', '8066451288');
INSERT INTO passenger (id, version, first_name, last_name, passport_number) VALUES (36, 0, 'Benjamin', 'MacAughtrie', '3581409720');
INSERT INTO passenger (id, version, first_name, last_name, passport_number) VALUES (37, 0, 'Jesselyn', 'Walcar', '7058332282');
INSERT INTO passenger (id, version, first_name, last_name, passport_number) VALUES (38, 0, 'Justis', 'Trapp', '5364051226');
INSERT INTO passenger (id, version, first_name, last_name, passport_number) VALUES (39, 0, 'Manuel', 'Antonignetti', '1457050811');
INSERT INTO passenger (id, version, first_name, last_name, passport_number) VALUES (40, 0, 'Allison', 'Gosford', '8948128507');
INSERT INTO passenger (id, version, first_name, last_name, passport_number) VALUES (41, 0, 'Adriena', 'Jaffa', '8200863875');
INSERT INTO passenger (id, version, first_name, last_name, passport_number) VALUES (42, 0, 'Leticia', 'Jakeman', '3721579828');
INSERT INTO passenger (id, version, first_name, last_name, passport_number) VALUES (43, 0, 'Brunhilda', 'Bowering', '9882427723');
INSERT INTO passenger (id, version, first_name, last_name, passport_number) VALUES (44, 0, 'Taryn', 'Sadgrove', '2148877232');
INSERT INTO passenger (id, version, first_name, last_name, passport_number) VALUES (45, 0, 'Corine', 'Janak', '4452097537');
INSERT INTO passenger (id, version, first_name, last_name, passport_number) VALUES (46, 0, 'Lilah', 'Bridgement', '4771832544');
INSERT INTO passenger (id, version, first_name, last_name, passport_number) VALUES (47, 0, 'Torre', 'Dovey', '4820625551');
INSERT INTO passenger (id, version, first_name, last_name, passport_number) VALUES (48, 0, 'Nert', 'Derks', '4242819102');
INSERT INTO passenger (id, version, first_name, last_name, passport_number) VALUES (49, 0, 'Randy', 'Frazer', '0436845342');
INSERT INTO passenger (id, version, first_name, last_name, passport_number) VALUES (50, 0, 'Harlen', 'Bickerstasse', '3788683201');
INSERT INTO passenger (id, version, first_name, last_name, passport_number) VALUES (51, 0, 'Janek', 'Anstey', '2741990174');
INSERT INTO passenger (id, version, first_name, last_name, passport_number) VALUES (52, 0, 'Danila', 'Scopyn', '3422722653');
INSERT INTO passenger (id, version, first_name, last_name, passport_number) VALUES (53, 0, 'Hamilton', 'Robart', '5917408408');
INSERT INTO passenger (id, version, first_name, last_name, passport_number) VALUES (54, 0, 'Brocky', 'Yurikov', '7366656399');
INSERT INTO passenger (id, version, first_name, last_name, passport_number) VALUES (55, 0, 'Webb', 'Eastbury', '8540658666');
INSERT INTO passenger (id, version, first_name, last_name, passport_number) VALUES (56, 0, 'Raffaello', 'Mattis', '6072557155');
INSERT INTO passenger (id, version, first_name, last_name, passport_number) VALUES (57, 0, 'Doris', 'Swyndley', '7241652339');
INSERT INTO passenger (id, version, first_name, last_name, passport_number) VALUES (58, 0, 'Eda', 'Malenfant', '8288567657');
INSERT INTO passenger (id, version, first_name, last_name, passport_number) VALUES (59, 0, 'Eula', 'Saleway', '5093088226');
INSERT INTO passenger (id, version, first_name, last_name, passport_number) VALUES (60, 0, 'Elwin', 'Gynni', '8122846378');
INSERT INTO passenger (id, version, first_name, last_name, passport_number) VALUES (61, 0, 'Conan', 'Brendish', '3661426362');
INSERT INTO passenger (id, version, first_name, last_name, passport_number) VALUES (62, 0, 'Prissie', 'Hellsdon', '5763825640');
INSERT INTO passenger (id, version, first_name, last_name, passport_number) VALUES (63, 0, 'Lewiss', 'Blunden', '6946241002');
INSERT INTO passenger (id, version, first_name, last_name, passport_number) VALUES (64, 0, 'Tracy', 'Say', '7177585001');
INSERT INTO passenger (id, version, first_name, last_name, passport_number) VALUES (65, 0, 'Flinn', 'Farquar', '6941168080');
INSERT INTO passenger (id, version, first_name, last_name, passport_number) VALUES (66, 0, 'Rosalinda', 'Pemble', '8542174682');
INSERT INTO passenger (id, version, first_name, last_name, passport_number) VALUES (67, 0, 'Ly', 'Cardow', '2122067187');
INSERT INTO passenger (id, version, first_name, last_name, passport_number) VALUES (68, 0, 'Emmerich', 'Bottomore', '5305852935');
INSERT INTO passenger (id, version, first_name, last_name, passport_number) VALUES (69, 0, 'Theresita', 'Winger', '4328824252');
INSERT INTO passenger (id, version, first_name, last_name, passport_number) VALUES (70, 0, 'Ephrem', 'Swidenbank', '5542659292');
INSERT INTO passenger (id, version, first_name, last_name, passport_number) VALUES (71, 0, 'Curtice', 'Bampforth', '2263821856');
INSERT INTO passenger (id, version, first_name, last_name, passport_number) VALUES (72, 0, 'Valli', 'Winfrey', '8865123001');
INSERT INTO passenger (id, version, first_name, last_name, passport_number) VALUES (73, 0, 'Caz', 'Bunford', '4609718545');
INSERT INTO passenger (id, version, first_name, last_name, passport_number) VALUES (74, 0, 'Pamelina', 'Chesney', '8254883955');
INSERT INTO passenger (id, version, first_name, last_name, passport_number) VALUES (75, 0, 'Yorgo', 'Linthead', '8828522828');
INSERT INTO passenger (id, version, first_name, last_name, passport_number) VALUES (76, 0, 'Austen', 'Prestwich', '1758698365');
INSERT INTO passenger (id, version, first_name, last_name, passport_number) VALUES (77, 0, 'Herculie', 'Novis', '3748626495');
INSERT INTO passenger (id, version, first_name, last_name, passport_number) VALUES (78, 0, 'Annmarie', 'Antuoni', '7976080369');
INSERT INTO passenger (id, version, first_name, last_name, passport_number) VALUES (79, 0, 'Orly', 'Dreinan', '7546115809');
INSERT INTO passenger (id, version, first_name, last_name, passport_number) VALUES (80, 0, 'Luca', 'Geach', '3160125718');
INSERT INTO passenger (id, version, first_name, last_name, passport_number) VALUES (81, 0, 'Jerrie', 'Healings', '0726761125');
INSERT INTO passenger (id, version, first_name, last_name, passport_number) VALUES (82, 0, 'Felike', 'Liver', '0524395411');
INSERT INTO passenger (id, version, first_name, last_name, passport_number) VALUES (83, 0, 'Elysia', 'Sultan', '4471047434');
INSERT INTO passenger (id, version, first_name, last_name, passport_number) VALUES (84, 0, 'Eddie', 'Coldtart', '7666564783');
INSERT INTO passenger (id, version, first_name, last_name, passport_number) VALUES (85, 0, 'Galven', 'Jedrzejczak', '5375992671');
INSERT INTO passenger (id, version, first_name, last_name, passport_number) VALUES (86, 0, 'Wiley', 'Yeates', '8392760174');
INSERT INTO passenger (id, version, first_name, last_name, passport_number) VALUES (87, 0, 'Annaliese', 'Dalmon', '9850396989');
INSERT INTO passenger (id, version, first_name, last_name, passport_number) VALUES (88, 0, 'Kare', 'Gisby', '7130892382');
INSERT INTO passenger (id, version, first_name, last_name, passport_number) VALUES (89, 0, 'Lanny', 'Hogsden', '4923748885');
INSERT INTO passenger (id, version, first_name, last_name, passport_number) VALUES (90, 0, 'Rachel', 'Josephov', '8716411080');
INSERT INTO passenger (id, version, first_name, last_name, passport_number) VALUES (91, 0, 'Huntley', 'Rohlfing', '6310587250');
INSERT INTO passenger (id, version, first_name, last_name, passport_number) VALUES (92, 0, 'Aretha', 'Yesenev', '3338691750');
INSERT INTO passenger (id, version, first_name, last_name, passport_number) VALUES (93, 0, 'Angy', 'Labern', '4381250176');
INSERT INTO passenger (id, version, first_name, last_name, passport_number) VALUES (94, 0, 'Hedi', 'Huckstepp', '6426422649');
INSERT INTO passenger (id, version, first_name, last_name, passport_number) VALUES (95, 0, 'Mallory', 'Belford', '4998814915');
INSERT INTO passenger (id, version, first_name, last_name, passport_number) VALUES (96, 0, 'Shannan', 'Archbold', '5605623214');
INSERT INTO passenger (id, version, first_name, last_name, passport_number) VALUES (97, 0, 'Tate', 'Urlich', '0828544093');
INSERT INTO passenger (id, version, first_name, last_name, passport_number) VALUES (98, 0, 'Stearne', 'Kliche', '1886595011');
INSERT INTO passenger (id, version, first_name, last_name, passport_number) VALUES (99, 0, 'Bobine', 'MacEveley', '2758357550');
INSERT INTO passenger (id, version, first_name, last_name, passport_number) VALUES (100, 0, 'Charity', 'Yerrill', '0260939803');
/* Kreiranje letova i povezivanje sa avio kompanijama */
INSERT INTO flight (id,rating, version, departure_time, arrival_time, base_price, flight_length, number_of_transfers, transfers, trip_type, airline_id, finish_destination_id, start_destination_id) VALUES (1,0, 0, '2019-11-11 10:48:23', '2019-11-20 12:14:05', 545.4, 442.9, 0, 'Multi-tiered reciprocal migration', 'MULTI_CITY', 1, 71, 25);
INSERT INTO flight (id,rating, version, departure_time, arrival_time, base_price, flight_length, number_of_transfers, transfers, trip_type, airline_id, finish_destination_id, start_destination_id) VALUES (2,0, 0, '2019-02-10 02:02:00', '2019-02-12 10:31:34', 488.8, 233.4, 3, 'Extended bifurcated productivity', 'ONE_WAY', 1, 63, 25);
INSERT INTO flight (id,rating, version, departure_time, arrival_time, base_price, flight_length, number_of_transfers, transfers, trip_type, airline_id, finish_destination_id, start_destination_id) VALUES (3,0, 0, '2019-02-10 21:26:12', '2019-02-12 23:34:28', 158.9, 647.8, 1, 'Reverse-engineered human-resource encoding', 'ROUND_TRIP', 1, 8, 25);
INSERT INTO flight (id,rating, version, departure_time, arrival_time, base_price, flight_length, number_of_transfers, transfers, trip_type, airline_id, finish_destination_id, start_destination_id) VALUES (4,0, 0, '2019-02-10 17:31:47', '2019-02-12 00:13:42', 225.0, 1043.0, 0, 'Automated well-modulated structure', 'MULTI_CITY', 1, 58, 25);
INSERT INTO flight (id,rating, version, departure_time, arrival_time, base_price, flight_length, number_of_transfers, transfers, trip_type, airline_id, finish_destination_id, start_destination_id) VALUES (5,0, 0, '2019-02-10 22:20:54', '2019-02-12 22:19:00', 531.1, 540.3, 1, 'Business-focused 5th generation conglomeration', 'ONE_WAY', 1, 45, 25);
INSERT INTO flight (id,rating, version, departure_time, arrival_time, base_price, flight_length, number_of_transfers, transfers, trip_type, airline_id, finish_destination_id, start_destination_id) VALUES (6,0, 0, '2019-02-10 14:00:23', '2019-02-12 20:43:50', 490.2, 208.8, 0, 'Enterprise-wide web-enabled array', 'ONE_WAY', 1, 68, 25);
INSERT INTO flight (id,rating, version, departure_time, arrival_time, base_price, flight_length, number_of_transfers, transfers, trip_type, airline_id, finish_destination_id, start_destination_id) VALUES (7,0, 0, '2019-02-10 19:45:18', '2019-02-12 20:42:40', 515.9, 804.6, 0, 'Devolved impactful emulation', 'ROUND_TRIP', 1, 90, 25);
INSERT INTO flight (id,rating, version, departure_time, arrival_time, base_price, flight_length, number_of_transfers, transfers, trip_type, airline_id, finish_destination_id, start_destination_id) VALUES (8,0, 0, '2019-02-10 22:00:39', '2019-02-12 22:09:01', 593.8, 538.2, 0, 'Re-engineered object-oriented moratorium', 'ROUND_TRIP', 1, 79, 25);
INSERT INTO flight (id,rating, version, departure_time, arrival_time, base_price, flight_length, number_of_transfers, transfers, trip_type, airline_id, finish_destination_id, start_destination_id) VALUES (9,0, 0, '2019-02-10 02:34:50', '2019-02-12 01:13:27', 366.2, 527.3, 3, 'Multi-channelled uniform interface', 'MULTI_CITY', 1, 75, 25);
INSERT INTO flight (id,rating, version, departure_time, arrival_time, base_price, flight_length, number_of_transfers, transfers, trip_type, airline_id, finish_destination_id, start_destination_id) VALUES (10,0, 0, '2019-02-10 20:53:31', '2019-02-12 09:38:05', 420.6, 156.9, 0, 'Self-enabling methodical function', 'ROUND_TRIP', 1, 54, 25);
INSERT INTO flight (id,rating, version, departure_time, arrival_time, base_price, flight_length, number_of_transfers, transfers, trip_type, airline_id, finish_destination_id, start_destination_id) VALUES (11,0, 0, '2019-02-10 13:18:59', '2019-02-12 08:34:46', 254.5, 312.7, 3, 'Customizable human-resource extranet', 'ONE_WAY', 2, 44, 4);
INSERT INTO flight (id,rating, version, departure_time, arrival_time, base_price, flight_length, number_of_transfers, transfers, trip_type, airline_id, finish_destination_id, start_destination_id) VALUES (12,0, 0, '2019-02-10 14:42:32', '2019-02-12 00:14:12', 423.9, 347.5, 0, 'Fundamental responsive interface', 'MULTI_CITY', 2, 67, 4);
INSERT INTO flight (id,rating, version, departure_time, arrival_time, base_price, flight_length, number_of_transfers, transfers, trip_type, airline_id, finish_destination_id, start_destination_id) VALUES (13,0, 0, '2019-02-10 04:45:35', '2019-02-12 10:10:49', 566.6, 585.9, 0, 'Synergized 6th generation monitoring', 'ONE_WAY', 2, 60, 4);
INSERT INTO flight (id,rating, version, departure_time, arrival_time, base_price, flight_length, number_of_transfers, transfers, trip_type, airline_id, finish_destination_id, start_destination_id) VALUES (14,0, 0, '2019-02-10 11:32:52', '2019-02-12 16:19:08', 112.7, 157.8, 1, 'Customizable needs-based intranet', 'ONE_WAY', 2, 20, 4);
INSERT INTO flight (id,rating, version, departure_time, arrival_time, base_price, flight_length, number_of_transfers, transfers, trip_type, airline_id, finish_destination_id, start_destination_id) VALUES (15,0, 0, '2019-02-10 15:37:21', '2019-02-12 03:50:00', 130.9, 137.6, 1, 'Polarised asynchronous emulation', 'MULTI_CITY', 2, 31, 4);
INSERT INTO flight (id,rating, version, departure_time, arrival_time, base_price, flight_length, number_of_transfers, transfers, trip_type, airline_id, finish_destination_id, start_destination_id) VALUES (16,0, 0, '2019-02-10 02:17:10', '2019-02-12 06:54:09', 469.3, 510.3, 1, 'Focused hybrid service-desk', 'MULTI_CITY', 2, 82, 4);
INSERT INTO flight (id,rating, version, departure_time, arrival_time, base_price, flight_length, number_of_transfers, transfers, trip_type, airline_id, finish_destination_id, start_destination_id) VALUES (17,0, 0, '2019-02-10 00:36:14', '2019-02-12 02:07:03', 214.3, 587.9, 3, 'Sharable dynamic internet solution', 'ONE_WAY', 2, 39, 4);
INSERT INTO flight (id,rating, version, departure_time, arrival_time, base_price, flight_length, number_of_transfers, transfers, trip_type, airline_id, finish_destination_id, start_destination_id) VALUES (18,0, 0, '2019-02-10 00:38:23', '2019-02-12 14:14:56', 494.0, 1036.4, 3, 'Object-based reciprocal moratorium', 'ROUND_TRIP', 2, 67, 4);
INSERT INTO flight (id,rating, version, departure_time, arrival_time, base_price, flight_length, number_of_transfers, transfers, trip_type, airline_id, finish_destination_id, start_destination_id) VALUES (19,0, 0, '2019-02-10 07:44:04', '2019-02-12 11:49:20', 397.3, 556.9, 2, 'Programmable logistical complexity', 'MULTI_CITY', 2, 51, 4);
INSERT INTO flight (id,rating, version, departure_time, arrival_time, base_price, flight_length, number_of_transfers, transfers, trip_type, airline_id, finish_destination_id, start_destination_id) VALUES (20,0, 0, '2019-02-10 15:53:52', '2019-02-12 10:11:03', 281.5, 768.4, 1, 'Up-sized 24/7 database', 'ONE_WAY', 2, 71, 4);
INSERT INTO flight (id,rating, version, departure_time, arrival_time, base_price, flight_length, number_of_transfers, transfers, trip_type, airline_id, finish_destination_id, start_destination_id) VALUES (21,0, 0, '2019-02-10 02:08:33', '2019-02-12 07:38:35', 528.5, 1069.9, 0, 'Re-contextualized high-level knowledge base', 'ROUND_TRIP', 2, 86, 4);
INSERT INTO flight (id,rating, version, departure_time, arrival_time, base_price, flight_length, number_of_transfers, transfers, trip_type, airline_id, finish_destination_id, start_destination_id) VALUES (22,0, 0, '2019-02-10 22:21:54', '2019-02-12 12:13:46', 594.9, 638.8, 1, 'Optimized hybrid hardware', 'ROUND_TRIP', 2, 4, 4);
INSERT INTO flight (id,rating, version, departure_time, arrival_time, base_price, flight_length, number_of_transfers, transfers, trip_type, airline_id, finish_destination_id, start_destination_id) VALUES (23,0, 0, '2019-02-10 21:42:23', '2019-02-12 13:50:29', 254.9, 539.7, 3, 'Vision-oriented human-resource neural-net', 'ONE_WAY', 3, 95, 18);
INSERT INTO flight (id,rating, version, departure_time, arrival_time, base_price, flight_length, number_of_transfers, transfers, trip_type, airline_id, finish_destination_id, start_destination_id) VALUES (24,0, 0, '2019-02-10 03:20:24', '2019-02-12 10:08:52', 273.9, 1093.6, 1, 'Robust maximized workforce', 'MULTI_CITY', 3, 35, 18);
INSERT INTO flight (id,rating, version, departure_time, arrival_time, base_price, flight_length, number_of_transfers, transfers, trip_type, airline_id, finish_destination_id, start_destination_id) VALUES (25,0, 0, '2019-02-10 10:44:08', '2019-02-12 03:42:17', 96.7, 1020.6, 2, 'Proactive high-level algorithm', 'ROUND_TRIP', 3, 12, 18);
INSERT INTO flight (id,rating, version, departure_time, arrival_time, base_price, flight_length, number_of_transfers, transfers, trip_type, airline_id, finish_destination_id, start_destination_id) VALUES (26,0, 0, '2019-02-10 15:14:51', '2019-02-12 17:03:47', 567.6, 236.9, 3, 'Multi-channelled 3rd generation internet solution', 'ROUND_TRIP', 3, 50, 18);
INSERT INTO flight (id,rating, version, departure_time, arrival_time, base_price, flight_length, number_of_transfers, transfers, trip_type, airline_id, finish_destination_id, start_destination_id) VALUES (27,0, 0, '2019-02-10 19:28:43', '2019-02-12 14:01:30', 434.7, 1183.5, 3, 'Organized actuating application', 'MULTI_CITY', 3, 58, 18);
INSERT INTO flight (id,rating, version, departure_time, arrival_time, base_price, flight_length, number_of_transfers, transfers, trip_type, airline_id, finish_destination_id, start_destination_id) VALUES (28,0, 0, '2019-02-10 11:57:00', '2019-02-12 19:24:54', 251.6, 871.8, 2, 'Reduced 3rd generation matrices', 'ONE_WAY', 3, 100, 18);
INSERT INTO flight (id,rating, version, departure_time, arrival_time, base_price, flight_length, number_of_transfers, transfers, trip_type, airline_id, finish_destination_id, start_destination_id) VALUES (29,0, 0, '2019-02-10 13:48:27', '2019-02-12 23:17:19', 132.7, 678.7, 3, 'Devolved fault-tolerant local area network', 'ROUND_TRIP', 3, 75, 18);
INSERT INTO flight (id,rating, version, departure_time, arrival_time, base_price, flight_length, number_of_transfers, transfers, trip_type, airline_id, finish_destination_id, start_destination_id) VALUES (30,0, 0, '2019-02-10 19:19:48', '2019-02-12 21:16:51', 319.1, 914.7, 1, 'User-friendly multimedia alliance', 'ONE_WAY', 3, 86, 18);
INSERT INTO flight (id,rating, version, departure_time, arrival_time, base_price, flight_length, number_of_transfers, transfers, trip_type, airline_id, finish_destination_id, start_destination_id) VALUES (31,0, 0, '2019-02-10 08:02:42', '2019-02-12 15:52:42', 452.0, 1082.1, 2, 'Phased client-driven adapter', 'ONE_WAY', 3, 44, 18);
INSERT INTO flight (id,rating, version, departure_time, arrival_time, base_price, flight_length, number_of_transfers, transfers, trip_type, airline_id, finish_destination_id, start_destination_id) VALUES (32,0, 0, '2019-02-10 11:04:27', '2019-02-12 06:55:07', 385.2, 256.3, 2, 'Stand-alone real-time groupware', 'ROUND_TRIP', 3, 22, 18);
INSERT INTO flight (id,rating, version, departure_time, arrival_time, base_price, flight_length, number_of_transfers, transfers, trip_type, airline_id, finish_destination_id, start_destination_id) VALUES (33,0, 0, '2019-02-10 23:09:33', '2019-02-12 05:52:00', 478.4, 568.0, 1, 'Exclusive empowering service-desk', 'ROUND_TRIP', 3, 3, 18);
INSERT INTO flight (id,rating, version, departure_time, arrival_time, base_price, flight_length, number_of_transfers, transfers, trip_type, airline_id, finish_destination_id, start_destination_id) VALUES (34,0, 0, '2019-02-10 08:13:43', '2019-02-12 03:16:01', 360.4, 842.9, 2, 'Balanced multi-state complexity', 'ROUND_TRIP', 3, 75, 18);
INSERT INTO flight (id,rating, version, departure_time, arrival_time, base_price, flight_length, number_of_transfers, transfers, trip_type, airline_id, finish_destination_id, start_destination_id) VALUES (35,0, 0, '2019-02-10 22:52:12', '2019-02-12 12:00:44', 259.3, 992.5, 1, 'De-engineered actuating forecast', 'ROUND_TRIP', 4, 97, 92);
INSERT INTO flight (id,rating, version, departure_time, arrival_time, base_price, flight_length, number_of_transfers, transfers, trip_type, airline_id, finish_destination_id, start_destination_id) VALUES (36,0, 0, '2019-02-10 02:11:00', '2019-02-12 10:34:25', 219.0, 170.2, 2, 'Sharable tertiary instruction set', 'ROUND_TRIP', 4, 64, 92);
INSERT INTO flight (id,rating, version, departure_time, arrival_time, base_price, flight_length, number_of_transfers, transfers, trip_type, airline_id, finish_destination_id, start_destination_id) VALUES (37,0, 0, '2019-02-10 19:27:45', '2019-02-12 01:13:04', 221.0, 666.0, 2, 'User-friendly incremental product', 'ONE_WAY', 4, 92, 92);
INSERT INTO flight (id,rating, version, departure_time, arrival_time, base_price, flight_length, number_of_transfers, transfers, trip_type, airline_id, finish_destination_id, start_destination_id) VALUES (38,0, 0, '2019-02-10 12:47:44', '2019-02-12 20:41:26', 459.2, 782.7, 2, 'Balanced tangible info-mediaries', 'ROUND_TRIP', 4, 45, 92);
INSERT INTO flight (id,rating, version, departure_time, arrival_time, base_price, flight_length, number_of_transfers, transfers, trip_type, airline_id, finish_destination_id, start_destination_id) VALUES (39,0, 0, '2019-02-10 21:22:39', '2019-02-12 17:00:54', 359.0, 671.2, 2, 'Optional zero administration archive', 'ONE_WAY', 4, 34, 92);
INSERT INTO flight (id,rating, version, departure_time, arrival_time, base_price, flight_length, number_of_transfers, transfers, trip_type, airline_id, finish_destination_id, start_destination_id) VALUES (40,0, 0, '2019-02-10 06:22:09', '2019-02-12 07:33:57', 212.7, 478.7, 1, 'Self-enabling even-keeled migration', 'ROUND_TRIP', 4, 49, 92);
INSERT INTO flight (id,rating, version, departure_time, arrival_time, base_price, flight_length, number_of_transfers, transfers, trip_type, airline_id, finish_destination_id, start_destination_id) VALUES (41,0, 0, '2019-02-10 17:37:30', '2019-02-12 06:06:56', 192.7, 1193.3, 2, 'Exclusive asynchronous portal', 'MULTI_CITY', 4, 1, 92);
INSERT INTO flight (id,rating, version, departure_time, arrival_time, base_price, flight_length, number_of_transfers, transfers, trip_type, airline_id, finish_destination_id, start_destination_id) VALUES (42,0, 0, '2019-02-10 06:49:13', '2019-02-12 22:28:15', 495.4, 647.9, 2, 'Object-based next generation paradigm', 'ONE_WAY', 4, 59, 92);
INSERT INTO flight (id,rating, version, departure_time, arrival_time, base_price, flight_length, number_of_transfers, transfers, trip_type, airline_id, finish_destination_id, start_destination_id) VALUES (43,0, 0, '2019-02-10 22:13:48', '2019-02-12 10:18:18', 223.2, 360.5, 1, 'Compatible incremental implementation', 'ONE_WAY', 4, 29, 92);
INSERT INTO flight (id,rating, version, departure_time, arrival_time, base_price, flight_length, number_of_transfers, transfers, trip_type, airline_id, finish_destination_id, start_destination_id) VALUES (44,0, 0, '2019-02-10 23:57:57', '2019-02-12 03:20:14', 262.0, 1104.3, 0, 'Team-oriented multimedia data-warehouse', 'ONE_WAY', 4, 15, 92);
INSERT INTO flight (id,rating, version, departure_time, arrival_time, base_price, flight_length, number_of_transfers, transfers, trip_type, airline_id, finish_destination_id, start_destination_id) VALUES (45,0, 0, '2019-02-10 16:51:03', '2019-02-12 14:32:00', 461.7, 543.2, 1, 'Ergonomic background open system', 'ONE_WAY', 4, 64, 92);
INSERT INTO flight (id,rating, version, departure_time, arrival_time, base_price, flight_length, number_of_transfers, transfers, trip_type, airline_id, finish_destination_id, start_destination_id) VALUES (46,0, 0, '2019-02-10 15:46:53', '2019-02-12 09:30:37', 433.1, 180.9, 2, 'Organic full-range capability', 'MULTI_CITY', 4, 56, 92);
INSERT INTO flight (id,rating, version, departure_time, arrival_time, base_price, flight_length, number_of_transfers, transfers, trip_type, airline_id, finish_destination_id, start_destination_id) VALUES (47,0, 0, '2019-02-10 10:12:32', '2019-02-12 03:31:45', 594.5, 225.9, 2, 'Multi-layered eco-centric info-mediaries', 'ROUND_TRIP', 5, 31, 28);
INSERT INTO flight (id,rating, version, departure_time, arrival_time, base_price, flight_length, number_of_transfers, transfers, trip_type, airline_id, finish_destination_id, start_destination_id) VALUES (48,0, 0, '2019-02-10 20:57:58', '2019-02-12 13:43:54', 197.8, 1127.7, 0, 'Down-sized reciprocal software', 'ROUND_TRIP', 5, 63, 28);
INSERT INTO flight (id,rating, version, departure_time, arrival_time, base_price, flight_length, number_of_transfers, transfers, trip_type, airline_id, finish_destination_id, start_destination_id) VALUES (49,0, 0, '2019-02-10 09:48:00', '2019-02-12 14:35:40', 305.3, 796.1, 0, 'Enhanced dynamic time-frame', 'ONE_WAY', 5, 75, 28);
INSERT INTO flight (id,rating, version, departure_time, arrival_time, base_price, flight_length, number_of_transfers, transfers, trip_type, airline_id, finish_destination_id, start_destination_id) VALUES (50,0, 0, '2019-02-10 13:57:15', '2019-02-12 03:23:18', 502.7, 627.3, 3, 'Exclusive radical service-desk', 'MULTI_CITY', 5, 96, 28);
INSERT INTO flight (id,rating, version, departure_time, arrival_time, base_price, flight_length, number_of_transfers, transfers, trip_type, airline_id, finish_destination_id, start_destination_id) VALUES (51,0, 0, '2019-02-10 11:16:32', '2019-02-12 21:24:09', 168.1, 242.1, 3, 'Inverse zero defect productivity', 'ROUND_TRIP', 5, 2, 28);
INSERT INTO flight (id,rating, version, departure_time, arrival_time, base_price, flight_length, number_of_transfers, transfers, trip_type, airline_id, finish_destination_id, start_destination_id) VALUES (52,0, 0, '2019-02-10 16:44:00', '2019-02-12 07:05:41', 517.4, 735.1, 2, 'Customer-focused dynamic firmware', 'ONE_WAY', 5, 46, 28);
INSERT INTO flight (id,rating, version, departure_time, arrival_time, base_price, flight_length, number_of_transfers, transfers, trip_type, airline_id, finish_destination_id, start_destination_id) VALUES (53,0, 0, '2019-02-10 13:45:51', '2019-02-12 02:15:50', 589.1, 123.2, 1, 'Diverse background migration', 'MULTI_CITY', 5, 100, 28);
INSERT INTO flight (id,rating, version, departure_time, arrival_time, base_price, flight_length, number_of_transfers, transfers, trip_type, airline_id, finish_destination_id, start_destination_id) VALUES (54,0, 0, '2019-02-10 12:38:41', '2019-02-12 12:59:53', 262.4, 990.4, 0, 'Upgradable well-modulated array', 'ROUND_TRIP', 5, 9, 28);
INSERT INTO flight (id,rating, version, departure_time, arrival_time, base_price, flight_length, number_of_transfers, transfers, trip_type, airline_id, finish_destination_id, start_destination_id) VALUES (55,0, 0, '2019-02-10 15:30:42', '2019-02-12 06:10:37', 206.4, 1031.2, 2, 'Vision-oriented value-added paradigm', 'MULTI_CITY', 5, 37, 28);
INSERT INTO flight (id,rating, version, departure_time, arrival_time, base_price, flight_length, number_of_transfers, transfers, trip_type, airline_id, finish_destination_id, start_destination_id) VALUES (56,0, 0, '2019-02-10 22:40:07', '2019-02-12 06:35:43', 543.5, 1091.9, 1, 'Robust high-level encryption', 'ROUND_TRIP', 5, 91, 28);
INSERT INTO flight (id,rating, version, departure_time, arrival_time, base_price, flight_length, number_of_transfers, transfers, trip_type, airline_id, finish_destination_id, start_destination_id) VALUES (57,0, 0, '2019-02-10 10:58:44', '2019-02-12 20:45:23', 186.0, 514.1, 0, 'Inverse intangible strategy', 'ONE_WAY', 5, 79, 28);
INSERT INTO flight (id,rating, version, departure_time, arrival_time, base_price, flight_length, number_of_transfers, transfers, trip_type, airline_id, finish_destination_id, start_destination_id) VALUES (58,0, 0, '2019-02-10 22:54:30', '2019-02-12 11:56:27', 362.4, 407.1, 1, 'Configurable multimedia initiative', 'ONE_WAY', 5, 62, 28);

/* Hotel */
/* Kreiranje kataloga */
INSERT INTO catalogue (id, version) VALUES (1, 0);
INSERT INTO catalogue (id, version) VALUES (2, 0);
INSERT INTO catalogue (id, version) VALUES (3, 0);
INSERT INTO catalogue (id, version) VALUES (4, 0);
/* Kreiranje hotela i vezivanje za lokacije */
INSERT INTO hotel (id, version, rating, address, description, name, catalogue_id, location_id) VALUES (1, 0, 0, '41 Mallard Road', 'Versatile mobile emulation', 'Herman, Flatley and Gleichner', 4, 13);
INSERT INTO hotel (id, version, rating, address, description, name, catalogue_id, location_id) VALUES (2, 0, 0, '8 Starling Road', 'Secured clear-thinking challenge', 'Medhurst-Kozey', 4, 61);
INSERT INTO hotel (id, version, rating, address, description, name, catalogue_id, location_id) VALUES (3, 0, 0, '60431 Pond Crossing', 'Assimilated global implementation', 'Marquardt-Gusikowski', 2, 88);
INSERT INTO hotel (id, version, rating, address, description, name, catalogue_id, location_id) VALUES (4, 0, 0, '718 Waywood Pass', 'Multi-tiered fresh-thinking application', 'Ankunding, Gerhold and Kshlerin', 3, 15);
INSERT INTO hotel (id, version, rating, address, description, name, catalogue_id, location_id) VALUES (5, 0, 0, '04762 Dapin Drive', 'Multi-channelled grid-enabled access', 'Hoppe-Mueller', 2, 48);
INSERT INTO hotel (id, version, rating, address, description, name, catalogue_id, location_id) VALUES (6, 0, 0, '35144 Clyde Gallagher Circle', 'Intuitive well-modulated core', 'Stoltenberg LLC', 2, 25);
INSERT INTO hotel (id, version, rating, address, description, name, catalogue_id, location_id) VALUES (7, 0, 0, '9222 Hintze Place', 'Proactive cohesive flexibility', 'McKenzie LLC', 1, 44);
INSERT INTO hotel (id, version, rating, address, description, name, catalogue_id, location_id) VALUES (8, 0, 0, '29 Chive Lane', 'Function-based national hierarchy', 'Weber, Frami and Denesik', 2, 54);
/* Kreiranje ekstra opcija i vezivanje za hotele */
INSERT INTO extra_option (id, version, description, price_per_day, hotel_id, discount) VALUES (1, 0, 'Future-proofed intermediate database', 15.78, 3, 3.97);
INSERT INTO extra_option (id, version, description, price_per_day, hotel_id, discount) VALUES (2, 0, 'Ameliorated foreground parallelism', 26.68, 3, 1.54);
INSERT INTO extra_option (id, version, description, price_per_day, hotel_id, discount) VALUES (3, 0, 'Digitized client-server leverage', 0.95, 7, 2.52);
INSERT INTO extra_option (id, version, description, price_per_day, hotel_id, discount) VALUES (4, 0, 'Automated 3rd generation groupware', 26.93, 6, 5.92);
INSERT INTO extra_option (id, version, description, price_per_day, hotel_id, discount) VALUES (5, 0, 'Upgradable reciprocal artificial intelligence', 17.01, 5, 1.25);
INSERT INTO extra_option (id, version, description, price_per_day, hotel_id, discount) VALUES (6, 0, 'Profit-focused impactful neural-net', 28.53, 6, 0.34);
INSERT INTO extra_option (id, version, description, price_per_day, hotel_id, discount) VALUES (7, 0, 'Seamless demand-driven Graphic Interface', 25.45, 8, 4.74);
INSERT INTO extra_option (id, version, description, price_per_day, hotel_id, discount) VALUES (8, 0, 'Seamless 6th generation algorithm', 26.54, 7, 5.34);
INSERT INTO extra_option (id, version, description, price_per_day, hotel_id, discount) VALUES (9, 0, 'Focused static structure', 21.8, 6, 0.85);
INSERT INTO extra_option (id, version, description, price_per_day, hotel_id, discount) VALUES (10, 0, 'Open-source multi-state paradigm', 5.4, 2, 5.26);
INSERT INTO extra_option (id, version, description, price_per_day, hotel_id, discount) VALUES (11, 0, 'Configurable bi-directional focus group', 6.92, 5, 2.02);
INSERT INTO extra_option (id, version, description, price_per_day, hotel_id, discount) VALUES (12, 0, 'Customizable composite productivity', 20.89, 6, 8.55);
INSERT INTO extra_option (id, version, description, price_per_day, hotel_id, discount) VALUES (13, 0, 'Innovative didactic capability', 19.97, 1, 6.7);
INSERT INTO extra_option (id, version, description, price_per_day, hotel_id, discount) VALUES (14, 0, 'Object-based 3rd generation ability', 26.7, 1, 8.41);
INSERT INTO extra_option (id, version, description, price_per_day, hotel_id, discount) VALUES (15, 0, 'Open-source cohesive neural-net', 6.09, 6, 6.72);
INSERT INTO extra_option (id, version, description, price_per_day, hotel_id, discount) VALUES (16, 0, 'Object-based radical algorithm', 12.68, 2, 1.69);
INSERT INTO extra_option (id, version, description, price_per_day, hotel_id, discount) VALUES (17, 0, 'Exclusive impactful encoding', 9.05, 5, 4.42);
INSERT INTO extra_option (id, version, description, price_per_day, hotel_id, discount) VALUES (18, 0, 'Up-sized human-resource concept', 23.32, 8, 6.69);
INSERT INTO extra_option (id, version, description, price_per_day, hotel_id, discount) VALUES (19, 0, 'Secured cohesive paradigm', 8.1, 1, 2.63);
INSERT INTO extra_option (id, version, description, price_per_day, hotel_id, discount) VALUES (20, 0, 'Horizontal tangible instruction set', 16.11, 2, 6.07);
INSERT INTO extra_option (id, version, description, price_per_day, hotel_id, discount) VALUES (21, 0, 'Customizable full-range framework', 1.63, 2, 4.27);
INSERT INTO extra_option (id, version, description, price_per_day, hotel_id, discount) VALUES (22, 0, 'Grass-roots multimedia solution', 16.63, 8, 4.61);
INSERT INTO extra_option (id, version, description, price_per_day, hotel_id, discount) VALUES (23, 0, 'Customer-focused real-time emulation', 28.04, 1, 0.17);
INSERT INTO extra_option (id, version, description, price_per_day, hotel_id, discount) VALUES (24, 0, 'Pre-emptive context-sensitive help-desk', 13.24, 4, 3.19);
INSERT INTO extra_option (id, version, description, price_per_day, hotel_id, discount) VALUES (25, 0, 'Programmable system-worthy hardware', 1.35, 7, 8.29);
INSERT INTO extra_option (id, version, description, price_per_day, hotel_id, discount) VALUES (26, 0, 'Mandatory didactic software', 1.68, 1, 6.36);
INSERT INTO extra_option (id, version, description, price_per_day, hotel_id, discount) VALUES (27, 0, 'Networked responsive emulation', 18.43, 7, 7.4);
INSERT INTO extra_option (id, version, description, price_per_day, hotel_id, discount) VALUES (28, 0, 'Multi-lateral zero tolerance core', 25.4, 1, 4.31);
INSERT INTO extra_option (id, version, description, price_per_day, hotel_id, discount) VALUES (29, 0, 'Operative bottom-line support', 11.08, 2, 8.74);
INSERT INTO extra_option (id, version, description, price_per_day, hotel_id, discount) VALUES (30, 0, 'Synergized reciprocal leverage', 20.78, 5, 9.62);
/* Kreiranje spratova i vezivanje za hotele */
INSERT INTO floor (id, version, number, hotel_id) VALUES (1, 0, 1, 1);
INSERT INTO floor (id, version, number, hotel_id) VALUES (2, 0, 2, 1);
INSERT INTO floor (id, version, number, hotel_id) VALUES (3, 0, 3, 1);
INSERT INTO floor (id, version, number, hotel_id) VALUES (4, 0, 1, 2);
INSERT INTO floor (id, version, number, hotel_id) VALUES (5, 0, 2, 2);
INSERT INTO floor (id, version, number, hotel_id) VALUES (6, 0, 3, 2);
INSERT INTO floor (id, version, number, hotel_id) VALUES (7, 0, 4, 2);
INSERT INTO floor (id, version, number, hotel_id) VALUES (8, 0, 1, 3);
INSERT INTO floor (id, version, number, hotel_id) VALUES (9, 0, 2, 3);
INSERT INTO floor (id, version, number, hotel_id) VALUES (10, 0, 3, 3);
INSERT INTO floor (id, version, number, hotel_id) VALUES (11, 0, 4, 3);
INSERT INTO floor (id, version, number, hotel_id) VALUES (12, 0, 1, 4);
INSERT INTO floor (id, version, number, hotel_id) VALUES (13, 0, 2, 4);
INSERT INTO floor (id, version, number, hotel_id) VALUES (14, 0, 3, 4);
INSERT INTO floor (id, version, number, hotel_id) VALUES (15, 0, 1, 5);
INSERT INTO floor (id, version, number, hotel_id) VALUES (16, 0, 2, 5);
INSERT INTO floor (id, version, number, hotel_id) VALUES (17, 0, 3, 5);
INSERT INTO floor (id, version, number, hotel_id) VALUES (18, 0, 4, 5);
INSERT INTO floor (id, version, number, hotel_id) VALUES (19, 0, 5, 5);
INSERT INTO floor (id, version, number, hotel_id) VALUES (20, 0, 1, 6);
INSERT INTO floor (id, version, number, hotel_id) VALUES (21, 0, 2, 6);
INSERT INTO floor (id, version, number, hotel_id) VALUES (22, 0, 3, 6);
INSERT INTO floor (id, version, number, hotel_id) VALUES (23, 0, 4, 6);
INSERT INTO floor (id, version, number, hotel_id) VALUES (24, 0, 5, 6);
INSERT INTO floor (id, version, number, hotel_id) VALUES (25, 0, 6, 6);
INSERT INTO floor (id, version, number, hotel_id) VALUES (26, 0, 7, 6);
INSERT INTO floor (id, version, number, hotel_id) VALUES (27, 0, 8, 6);
INSERT INTO floor (id, version, number, hotel_id) VALUES (28, 0, 1, 7);
INSERT INTO floor (id, version, number, hotel_id) VALUES (29, 0, 2, 7);
INSERT INTO floor (id, version, number, hotel_id) VALUES (30, 0, 3, 7);
INSERT INTO floor (id, version, number, hotel_id) VALUES (31, 0, 4, 7);
INSERT INTO floor (id, version, number, hotel_id) VALUES (32, 0, 1, 8);
INSERT INTO floor (id, version, number, hotel_id) VALUES (33, 0, 2, 8);
INSERT INTO floor (id, version, number, hotel_id) VALUES (34, 0, 3, 8);
INSERT INTO floor (id, version, number, hotel_id) VALUES (35, 0, 4, 8);
INSERT INTO floor (id, version, number, hotel_id) VALUES (36, 0, 5, 8);
/* Kreiranje tipova soba i vezivanje za kataloge */
INSERT INTO room_type (id, version, description, name, price_per_night, catalogue_id) VALUES (1, 0, 'zero defect', 'Red', 103.94, 1);
INSERT INTO room_type (id, version, description, name, price_per_night, catalogue_id) VALUES (2, 0, 'moderator', 'Crimson', 142.03, 4);
INSERT INTO room_type (id, version, description, name, price_per_night, catalogue_id) VALUES (3, 0, '24/7', 'Purple', 93.45, 4);
INSERT INTO room_type (id, version, description, name, price_per_night, catalogue_id) VALUES (4, 0, 'Re-engineered', 'Puce', 50.74, 2);
INSERT INTO room_type (id, version, description, name, price_per_night, catalogue_id) VALUES (5, 0, 'bifurcated', 'Maroon', 55.22, 2);
INSERT INTO room_type (id, version, description, name, price_per_night, catalogue_id) VALUES (6, 0, 'Open-architected', 'Turquoise', 65.67, 4);
INSERT INTO room_type (id, version, description, name, price_per_night, catalogue_id) VALUES (7, 0, 'national', 'Khaki', 127.73, 3);
INSERT INTO room_type (id, version, description, name, price_per_night, catalogue_id) VALUES (8, 0, 'intermediate', 'Purple', 121.58, 3);
INSERT INTO room_type (id, version, description, name, price_per_night, catalogue_id) VALUES (9, 0, 'attitude-oriented', 'Khaki', 32.05, 1);
INSERT INTO room_type (id, version, description, name, price_per_night, catalogue_id) VALUES (10, 0, 'Persistent', 'Teal', 34.85, 3);
INSERT INTO room_type (id, version, description, name, price_per_night, catalogue_id) VALUES (11, 0, 'strategy', 'Purple', 34.11, 2);
INSERT INTO room_type (id, version, description, name, price_per_night, catalogue_id) VALUES (12, 0, 'forecast', 'Khaki', 37.41, 4);
INSERT INTO room_type (id, version, description, name, price_per_night, catalogue_id) VALUES (13, 0, 'asymmetric', 'Puce', 108.88, 4);
INSERT INTO room_type (id, version, description, name, price_per_night, catalogue_id) VALUES (14, 0, 'conglomeration', 'Crimson', 51.65, 3);
INSERT INTO room_type (id, version, description, name, price_per_night, catalogue_id) VALUES (15, 0, 'Universal', 'Mauv', 75.79, 1);
INSERT INTO room_type (id, version, description, name, price_per_night, catalogue_id) VALUES (16, 0, 'encoding', 'Purple', 109.69, 4);
INSERT INTO room_type (id, version, description, name, price_per_night, catalogue_id) VALUES (17, 0, 'Profound', 'Maroon', 130.22, 3);
INSERT INTO room_type (id, version, description, name, price_per_night, catalogue_id) VALUES (18, 0, 'composite', 'Puce', 40.7, 4);
INSERT INTO room_type (id, version, description, name, price_per_night, catalogue_id) VALUES (19, 0, 'bottom-line', 'Turquoise', 59.37, 3);
INSERT INTO room_type (id, version, description, name, price_per_night, catalogue_id) VALUES (20, 0, 'analyzer', 'Turquoise', 107.81, 4);
INSERT INTO room_type (id, version, description, name, price_per_night, catalogue_id) VALUES (21, 0, 'didactic', 'Violet', 128.37, 1);
INSERT INTO room_type (id, version, description, name, price_per_night, catalogue_id) VALUES (22, 0, 'Self-enabling', 'Teal', 86.24, 3);
INSERT INTO room_type (id, version, description, name, price_per_night, catalogue_id) VALUES (23, 0, 'uniform', 'Blue', 88.88, 2);
INSERT INTO room_type (id, version, description, name, price_per_night, catalogue_id) VALUES (24, 0, 'dynamic', 'Maroon', 136.24, 4);
INSERT INTO room_type (id, version, description, name, price_per_night, catalogue_id) VALUES (25, 0, 'standardization', 'Puce', 94.84, 4);
INSERT INTO room_type (id, version, description, name, price_per_night, catalogue_id) VALUES (26, 0, 'Open-source', 'Goldenrod', 103.21, 1);
INSERT INTO room_type (id, version, description, name, price_per_night, catalogue_id) VALUES (27, 0, '4th generation', 'Maroon', 60.11, 2);
INSERT INTO room_type (id, version, description, name, price_per_night, catalogue_id) VALUES (28, 0, 'encoding', 'Violet', 137.85, 3);
INSERT INTO room_type (id, version, description, name, price_per_night, catalogue_id) VALUES (29, 0, 'firmware', 'Crimson', 120.6, 1);
INSERT INTO room_type (id, version, description, name, price_per_night, catalogue_id) VALUES (30, 0, 'superstructure', 'Khaki', 73.31, 1);
INSERT INTO room_type (id, version, description, name, price_per_night, catalogue_id) VALUES (31, 0, 'moratorium', 'Teal', 53.31, 3);
INSERT INTO room_type (id, version, description, name, price_per_night, catalogue_id) VALUES (32, 0, 'Down-sized', 'Mauv', 82.71, 2);
INSERT INTO room_type (id, version, description, name, price_per_night, catalogue_id) VALUES (33, 0, 'website', 'Khaki', 101.07, 3);
INSERT INTO room_type (id, version, description, name, price_per_night, catalogue_id) VALUES (34, 0, 'moratorium', 'Blue', 102.19, 2);
INSERT INTO room_type (id, version, description, name, price_per_night, catalogue_id) VALUES (35, 0, 'leading edge', 'Purple', 89.18, 3);
INSERT INTO room_type (id, version, description, name, price_per_night, catalogue_id) VALUES (36, 0, 'background', 'Violet', 105.5, 3);
INSERT INTO room_type (id, version, description, name, price_per_night, catalogue_id) VALUES (37, 0, 'Organized', 'Khaki', 126.19, 4);
INSERT INTO room_type (id, version, description, name, price_per_night, catalogue_id) VALUES (38, 0, 'Re-contextualized', 'Crimson', 142.05, 3);
INSERT INTO room_type (id, version, description, name, price_per_night, catalogue_id) VALUES (39, 0, 'human-resource', 'Indigo', 44.84, 1);
INSERT INTO room_type (id, version, description, name, price_per_night, catalogue_id) VALUES (40, 0, 'strategy', 'Turquoise', 85.82, 1);
/* Kreiranje soba i povezivanje sa spratovima i tipovima soba */
INSERT INTO room (id, version, rating, number_of_beds, room_type_id, floor_id) VALUES (1, 0, 0, 1, 9, 29);
INSERT INTO room (id, version, rating, number_of_beds, room_type_id, floor_id) VALUES (2, 0, 0, 1, 1, 29);
INSERT INTO room (id, version, rating, number_of_beds, room_type_id, floor_id) VALUES (3, 0, 0, 4, 21, 30);
INSERT INTO room (id, version, rating, number_of_beds, room_type_id, floor_id) VALUES (4, 0, 0, 3, 29, 31);
INSERT INTO room (id, version, rating, number_of_beds, room_type_id, floor_id) VALUES (5, 0, 0, 4, 29, 30);
INSERT INTO room (id, version, rating, number_of_beds, room_type_id, floor_id) VALUES (6, 0, 0, 3, 9, 31);
INSERT INTO room (id, version, rating, number_of_beds, room_type_id, floor_id) VALUES (7, 0, 0, 3, 30, 28);
INSERT INTO room (id, version, rating, number_of_beds, room_type_id, floor_id) VALUES (8, 0, 0, 4, 26, 30);
INSERT INTO room (id, version, rating, number_of_beds, room_type_id, floor_id) VALUES (9, 0, 0, 3, 40, 30);
INSERT INTO room (id, version, rating, number_of_beds, room_type_id, floor_id) VALUES (10, 0, 0, 2, 39, 31);
INSERT INTO room (id, version, rating, number_of_beds, room_type_id, floor_id) VALUES (11, 0, 0, 3, 15, 29);
INSERT INTO room (id, version, rating, number_of_beds, room_type_id, floor_id) VALUES (12, 0, 0, 1, 40, 29);
INSERT INTO room (id, version, rating, number_of_beds, room_type_id, floor_id) VALUES (13, 0, 0, 3, 9, 29);
INSERT INTO room (id, version, rating, number_of_beds, room_type_id, floor_id) VALUES (14, 0, 0, 4, 9, 29);
INSERT INTO room (id, version, rating, number_of_beds, room_type_id, floor_id) VALUES (15, 0, 0, 3, 1, 30);
INSERT INTO room (id, version, rating, number_of_beds, room_type_id, floor_id) VALUES (16, 0, 0, 4, 40, 31);
INSERT INTO room (id, version, rating, number_of_beds, room_type_id, floor_id) VALUES (17, 0, 0, 4, 21, 30);
INSERT INTO room (id, version, rating, number_of_beds, room_type_id, floor_id) VALUES (18, 0, 0, 1, 26, 31);
INSERT INTO room (id, version, rating, number_of_beds, room_type_id, floor_id) VALUES (19, 0, 0, 2, 29, 29);
INSERT INTO room (id, version, rating, number_of_beds, room_type_id, floor_id) VALUES (20, 0, 0, 1, 9, 30);
INSERT INTO room (id, version, rating, number_of_beds, room_type_id, floor_id) VALUES (21, 0, 0, 4, 9, 30);
INSERT INTO room (id, version, rating, number_of_beds, room_type_id, floor_id) VALUES (22, 0, 0, 2, 30, 29);
INSERT INTO room (id, version, rating, number_of_beds, room_type_id, floor_id) VALUES (23, 0, 0, 1, 21, 28);
INSERT INTO room (id, version, rating, number_of_beds, room_type_id, floor_id) VALUES (24, 0, 0, 1, 29, 30);
INSERT INTO room (id, version, rating, number_of_beds, room_type_id, floor_id) VALUES (25, 0, 0, 2, 40, 31);
INSERT INTO room (id, version, rating, number_of_beds, room_type_id, floor_id) VALUES (26, 0, 0, 2, 1, 28);
INSERT INTO room (id, version, rating, number_of_beds, room_type_id, floor_id) VALUES (27, 0, 0, 3, 26, 30);
INSERT INTO room (id, version, rating, number_of_beds, room_type_id, floor_id) VALUES (28, 0, 0, 1, 26, 30);
INSERT INTO room (id, version, rating, number_of_beds, room_type_id, floor_id) VALUES (29, 0, 0, 4, 39, 29);
INSERT INTO room (id, version, rating, number_of_beds, room_type_id, floor_id) VALUES (30, 0, 0, 3, 39, 28);
INSERT INTO room (id, version, rating, number_of_beds, room_type_id, floor_id) VALUES (31, 0, 0, 2, 39, 31);
INSERT INTO room (id, version, rating, number_of_beds, room_type_id, floor_id) VALUES (32, 0, 0, 1, 29, 29);
INSERT INTO room (id, version, rating, number_of_beds, room_type_id, floor_id) VALUES (33, 0, 0, 4, 29, 31);
INSERT INTO room (id, version, rating, number_of_beds, room_type_id, floor_id) VALUES (34, 0, 0, 4, 29, 29);
INSERT INTO room (id, version, rating, number_of_beds, room_type_id, floor_id) VALUES (35, 0, 0, 3, 1, 29);
INSERT INTO room (id, version, rating, number_of_beds, room_type_id, floor_id) VALUES (36, 0, 0, 1, 15, 30);
INSERT INTO room (id, version, rating, number_of_beds, room_type_id, floor_id) VALUES (37, 0, 0, 1, 30, 28);
INSERT INTO room (id, version, rating, number_of_beds, room_type_id, floor_id) VALUES (38, 0, 0, 4, 1, 28);
INSERT INTO room (id, version, rating, number_of_beds, room_type_id, floor_id) VALUES (39, 0, 0, 3, 26, 28);
INSERT INTO room (id, version, rating, number_of_beds, room_type_id, floor_id) VALUES (40, 0, 0, 4, 15, 30);
INSERT INTO room (id, version, rating, number_of_beds, room_type_id, floor_id) VALUES (41, 0, 0, 4, 5, 17);
INSERT INTO room (id, version, rating, number_of_beds, room_type_id, floor_id) VALUES (42, 0, 0, 2, 32, 22);
INSERT INTO room (id, version, rating, number_of_beds, room_type_id, floor_id) VALUES (43, 0, 0, 3, 23, 18);
INSERT INTO room (id, version, rating, number_of_beds, room_type_id, floor_id) VALUES (44, 0, 0, 1, 5, 35);
INSERT INTO room (id, version, rating, number_of_beds, room_type_id, floor_id) VALUES (45, 0, 0, 4, 27, 35);
INSERT INTO room (id, version, rating, number_of_beds, room_type_id, floor_id) VALUES (46, 0, 0, 3, 23, 15);
INSERT INTO room (id, version, rating, number_of_beds, room_type_id, floor_id) VALUES (47, 0, 0, 1, 32, 36);
INSERT INTO room (id, version, rating, number_of_beds, room_type_id, floor_id) VALUES (48, 0, 0, 3, 27, 11);
INSERT INTO room (id, version, rating, number_of_beds, room_type_id, floor_id) VALUES (49, 0, 0, 3, 4, 11);
INSERT INTO room (id, version, rating, number_of_beds, room_type_id, floor_id) VALUES (50, 0, 0, 2, 11, 23);
INSERT INTO room (id, version, rating, number_of_beds, room_type_id, floor_id) VALUES (51, 0, 0, 2, 34, 22);
INSERT INTO room (id, version, rating, number_of_beds, room_type_id, floor_id) VALUES (52, 0, 0, 3, 32, 16);
INSERT INTO room (id, version, rating, number_of_beds, room_type_id, floor_id) VALUES (53, 0, 0, 3, 27, 33);
INSERT INTO room (id, version, rating, number_of_beds, room_type_id, floor_id) VALUES (54, 0, 0, 1, 23, 11);
INSERT INTO room (id, version, rating, number_of_beds, room_type_id, floor_id) VALUES (55, 0, 0, 1, 11, 20);
INSERT INTO room (id, version, rating, number_of_beds, room_type_id, floor_id) VALUES (56, 0, 0, 4, 34, 10);
INSERT INTO room (id, version, rating, number_of_beds, room_type_id, floor_id) VALUES (57, 0, 0, 2, 32, 33);
INSERT INTO room (id, version, rating, number_of_beds, room_type_id, floor_id) VALUES (58, 0, 0, 4, 4, 17);
INSERT INTO room (id, version, rating, number_of_beds, room_type_id, floor_id) VALUES (59, 0, 0, 4, 32, 26);
INSERT INTO room (id, version, rating, number_of_beds, room_type_id, floor_id) VALUES (60, 0, 0, 2, 11, 11);
INSERT INTO room (id, version, rating, number_of_beds, room_type_id, floor_id) VALUES (61, 0, 0, 3, 4, 15);
INSERT INTO room (id, version, rating, number_of_beds, room_type_id, floor_id) VALUES (62, 0, 0, 1, 27, 20);
INSERT INTO room (id, version, rating, number_of_beds, room_type_id, floor_id) VALUES (63, 0, 0, 3, 34, 11);
INSERT INTO room (id, version, rating, number_of_beds, room_type_id, floor_id) VALUES (64, 0, 0, 3, 23, 19);
INSERT INTO room (id, version, rating, number_of_beds, room_type_id, floor_id) VALUES (65, 0, 0, 3, 11, 34);
INSERT INTO room (id, version, rating, number_of_beds, room_type_id, floor_id) VALUES (66, 0, 0, 2, 23, 25);
INSERT INTO room (id, version, rating, number_of_beds, room_type_id, floor_id) VALUES (67, 0, 0, 3, 32, 8);
INSERT INTO room (id, version, rating, number_of_beds, room_type_id, floor_id) VALUES (68, 0, 0, 2, 4, 27);
INSERT INTO room (id, version, rating, number_of_beds, room_type_id, floor_id) VALUES (69, 0, 0, 1, 27, 26);
INSERT INTO room (id, version, rating, number_of_beds, room_type_id, floor_id) VALUES (70, 0, 0, 2, 27, 27);
INSERT INTO room (id, version, rating, number_of_beds, room_type_id, floor_id) VALUES (71, 0, 0, 4, 5, 22);
INSERT INTO room (id, version, rating, number_of_beds, room_type_id, floor_id) VALUES (72, 0, 0, 3, 32, 35);
INSERT INTO room (id, version, rating, number_of_beds, room_type_id, floor_id) VALUES (73, 0, 0, 4, 11, 17);
INSERT INTO room (id, version, rating, number_of_beds, room_type_id, floor_id) VALUES (74, 0, 0, 4, 11, 36);
INSERT INTO room (id, version, rating, number_of_beds, room_type_id, floor_id) VALUES (75, 0, 0, 3, 11, 20);
INSERT INTO room (id, version, rating, number_of_beds, room_type_id, floor_id) VALUES (76, 0, 0, 1, 32, 15);
INSERT INTO room (id, version, rating, number_of_beds, room_type_id, floor_id) VALUES (77, 0, 0, 2, 34, 11);
INSERT INTO room (id, version, rating, number_of_beds, room_type_id, floor_id) VALUES (78, 0, 0, 4, 32, 10);
INSERT INTO room (id, version, rating, number_of_beds, room_type_id, floor_id) VALUES (79, 0, 0, 1, 4, 9);
INSERT INTO room (id, version, rating, number_of_beds, room_type_id, floor_id) VALUES (80, 0, 0, 3, 27, 9);
INSERT INTO room (id, version, rating, number_of_beds, room_type_id, floor_id) VALUES (81, 0, 0, 3, 5, 25);
INSERT INTO room (id, version, rating, number_of_beds, room_type_id, floor_id) VALUES (82, 0, 0, 1, 32, 18);
INSERT INTO room (id, version, rating, number_of_beds, room_type_id, floor_id) VALUES (83, 0, 0, 2, 5, 9);
INSERT INTO room (id, version, rating, number_of_beds, room_type_id, floor_id) VALUES (84, 0, 0, 2, 5, 25);
INSERT INTO room (id, version, rating, number_of_beds, room_type_id, floor_id) VALUES (85, 0, 0, 1, 11, 34);
INSERT INTO room (id, version, rating, number_of_beds, room_type_id, floor_id) VALUES (86, 0, 0, 4, 34, 15);
INSERT INTO room (id, version, rating, number_of_beds, room_type_id, floor_id) VALUES (87, 0, 0, 1, 23, 22);
INSERT INTO room (id, version, rating, number_of_beds, room_type_id, floor_id) VALUES (88, 0, 0, 4, 34, 25);
INSERT INTO room (id, version, rating, number_of_beds, room_type_id, floor_id) VALUES (89, 0, 0, 3, 34, 24);
INSERT INTO room (id, version, rating, number_of_beds, room_type_id, floor_id) VALUES (90, 0, 0, 4, 5, 10);
INSERT INTO room (id, version, rating, number_of_beds, room_type_id, floor_id) VALUES (91, 0, 0, 2, 23, 16);
INSERT INTO room (id, version, rating, number_of_beds, room_type_id, floor_id) VALUES (92, 0, 0, 1, 23, 34);
INSERT INTO room (id, version, rating, number_of_beds, room_type_id, floor_id) VALUES (93, 0, 0, 2, 5, 19);
INSERT INTO room (id, version, rating, number_of_beds, room_type_id, floor_id) VALUES (94, 0, 0, 3, 11, 23);
INSERT INTO room (id, version, rating, number_of_beds, room_type_id, floor_id) VALUES (95, 0, 0, 4, 32, 32);
INSERT INTO room (id, version, rating, number_of_beds, room_type_id, floor_id) VALUES (96, 0, 0, 2, 4, 15);
INSERT INTO room (id, version, rating, number_of_beds, room_type_id, floor_id) VALUES (97, 0, 0, 4, 27, 9);
INSERT INTO room (id, version, rating, number_of_beds, room_type_id, floor_id) VALUES (98, 0, 0, 3, 23, 25);
INSERT INTO room (id, version, rating, number_of_beds, room_type_id, floor_id) VALUES (99, 0, 0, 1, 32, 8);
INSERT INTO room (id, version, rating, number_of_beds, room_type_id, floor_id) VALUES (100, 0, 0, 4, 11, 18);
INSERT INTO room (id, version, rating, number_of_beds, room_type_id, floor_id) VALUES (101, 0, 0, 2, 11, 11);
INSERT INTO room (id, version, rating, number_of_beds, room_type_id, floor_id) VALUES (102, 0, 0, 1, 27, 25);
INSERT INTO room (id, version, rating, number_of_beds, room_type_id, floor_id) VALUES (103, 0, 0, 2, 5, 20);
INSERT INTO room (id, version, rating, number_of_beds, room_type_id, floor_id) VALUES (104, 0, 0, 1, 23, 17);
INSERT INTO room (id, version, rating, number_of_beds, room_type_id, floor_id) VALUES (105, 0, 0, 4, 34, 26);
INSERT INTO room (id, version, rating, number_of_beds, room_type_id, floor_id) VALUES (106, 0, 0, 1, 11, 8);
INSERT INTO room (id, version, rating, number_of_beds, room_type_id, floor_id) VALUES (107, 0, 0, 1, 32, 26);
INSERT INTO room (id, version, rating, number_of_beds, room_type_id, floor_id) VALUES (108, 0, 0, 4, 23, 32);
INSERT INTO room (id, version, rating, number_of_beds, room_type_id, floor_id) VALUES (109, 0, 0, 2, 11, 19);
INSERT INTO room (id, version, rating, number_of_beds, room_type_id, floor_id) VALUES (110, 0, 0, 4, 34, 8);
INSERT INTO room (id, version, rating, number_of_beds, room_type_id, floor_id) VALUES (111, 0, 0, 3, 14, 14);
INSERT INTO room (id, version, rating, number_of_beds, room_type_id, floor_id) VALUES (112, 0, 0, 3, 28, 13);
INSERT INTO room (id, version, rating, number_of_beds, room_type_id, floor_id) VALUES (113, 0, 0, 3, 19, 14);
INSERT INTO room (id, version, rating, number_of_beds, room_type_id, floor_id) VALUES (114, 0, 0, 3, 17, 13);
INSERT INTO room (id, version, rating, number_of_beds, room_type_id, floor_id) VALUES (115, 0, 0, 2, 8, 14);
INSERT INTO room (id, version, rating, number_of_beds, room_type_id, floor_id) VALUES (116, 0, 0, 2, 38, 13);
INSERT INTO room (id, version, rating, number_of_beds, room_type_id, floor_id) VALUES (117, 0, 0, 4, 38, 13);
INSERT INTO room (id, version, rating, number_of_beds, room_type_id, floor_id) VALUES (118, 0, 0, 4, 19, 14);
INSERT INTO room (id, version, rating, number_of_beds, room_type_id, floor_id) VALUES (119, 0, 0, 2, 35, 14);
INSERT INTO room (id, version, rating, number_of_beds, room_type_id, floor_id) VALUES (120, 0, 0, 2, 35, 14);
INSERT INTO room (id, version, rating, number_of_beds, room_type_id, floor_id) VALUES (121, 0, 0, 3, 14, 13);
INSERT INTO room (id, version, rating, number_of_beds, room_type_id, floor_id) VALUES (122, 0, 0, 2, 22, 12);
INSERT INTO room (id, version, rating, number_of_beds, room_type_id, floor_id) VALUES (123, 0, 0, 3, 14, 14);
INSERT INTO room (id, version, rating, number_of_beds, room_type_id, floor_id) VALUES (124, 0, 0, 2, 14, 12);
INSERT INTO room (id, version, rating, number_of_beds, room_type_id, floor_id) VALUES (125, 0, 0, 4, 8, 13);
INSERT INTO room (id, version, rating, number_of_beds, room_type_id, floor_id) VALUES (126, 0, 0, 2, 35, 12);
INSERT INTO room (id, version, rating, number_of_beds, room_type_id, floor_id) VALUES (127, 0, 0, 3, 36, 12);
INSERT INTO room (id, version, rating, number_of_beds, room_type_id, floor_id) VALUES (128, 0, 0, 3, 8, 13);
INSERT INTO room (id, version, rating, number_of_beds, room_type_id, floor_id) VALUES (129, 0, 0, 2, 38, 12);
INSERT INTO room (id, version, rating, number_of_beds, room_type_id, floor_id) VALUES (130, 0, 0, 3, 35, 14);
INSERT INTO room (id, version, rating, number_of_beds, room_type_id, floor_id) VALUES (131, 0, 0, 2, 20, 4);
INSERT INTO room (id, version, rating, number_of_beds, room_type_id, floor_id) VALUES (132, 0, 0, 2, 25, 1);
INSERT INTO room (id, version, rating, number_of_beds, room_type_id, floor_id) VALUES (133, 0, 0, 4, 24, 6);
INSERT INTO room (id, version, rating, number_of_beds, room_type_id, floor_id) VALUES (134, 0, 0, 3, 3, 2);
INSERT INTO room (id, version, rating, number_of_beds, room_type_id, floor_id) VALUES (135, 0, 0, 3, 12, 4);
INSERT INTO room (id, version, rating, number_of_beds, room_type_id, floor_id) VALUES (136, 0, 0, 3, 25, 1);
INSERT INTO room (id, version, rating, number_of_beds, room_type_id, floor_id) VALUES (137, 0, 0, 1, 18, 6);
INSERT INTO room (id, version, rating, number_of_beds, room_type_id, floor_id) VALUES (138, 0, 0, 3, 2, 3);
INSERT INTO room (id, version, rating, number_of_beds, room_type_id, floor_id) VALUES (139, 0, 0, 2, 6, 2);
INSERT INTO room (id, version, rating, number_of_beds, room_type_id, floor_id) VALUES (140, 0, 0, 4, 20, 7);
INSERT INTO room (id, version, rating, number_of_beds, room_type_id, floor_id) VALUES (141, 0, 0, 1, 18, 2);
INSERT INTO room (id, version, rating, number_of_beds, room_type_id, floor_id) VALUES (142, 0, 0, 2, 16, 1);
INSERT INTO room (id, version, rating, number_of_beds, room_type_id, floor_id) VALUES (143, 0, 0, 2, 20, 7);
INSERT INTO room (id, version, rating, number_of_beds, room_type_id, floor_id) VALUES (144, 0, 0, 2, 25, 7);
INSERT INTO room (id, version, rating, number_of_beds, room_type_id, floor_id) VALUES (145, 0, 0, 1, 20, 1);
INSERT INTO room (id, version, rating, number_of_beds, room_type_id, floor_id) VALUES (146, 0, 0, 4, 13, 7);
INSERT INTO room (id, version, rating, number_of_beds, room_type_id, floor_id) VALUES (147, 0, 0, 1, 24, 2);
INSERT INTO room (id, version, rating, number_of_beds, room_type_id, floor_id) VALUES (148, 0, 0, 2, 2, 2);
INSERT INTO room (id, version, rating, number_of_beds, room_type_id, floor_id) VALUES (149, 0, 0, 2, 20, 2);
INSERT INTO room (id, version, rating, number_of_beds, room_type_id, floor_id) VALUES (150, 0, 0, 4, 18, 7);
INSERT INTO room (id, version, rating, number_of_beds, room_type_id, floor_id) VALUES (151, 0, 0, 2, 16, 4);
INSERT INTO room (id, version, rating, number_of_beds, room_type_id, floor_id) VALUES (152, 0, 0, 2, 24, 7);
INSERT INTO room (id, version, rating, number_of_beds, room_type_id, floor_id) VALUES (153, 0, 0, 1, 6, 2);
INSERT INTO room (id, version, rating, number_of_beds, room_type_id, floor_id) VALUES (154, 0, 0, 3, 16, 7);
INSERT INTO room (id, version, rating, number_of_beds, room_type_id, floor_id) VALUES (155, 0, 0, 2, 2, 4);
INSERT INTO room (id, version, rating, number_of_beds, room_type_id, floor_id) VALUES (156, 0, 0, 3, 3, 6);
INSERT INTO room (id, version, rating, number_of_beds, room_type_id, floor_id) VALUES (157, 0, 0, 3, 20, 4);
INSERT INTO room (id, version, rating, number_of_beds, room_type_id, floor_id) VALUES (158, 0, 0, 4, 18, 6);
INSERT INTO room (id, version, rating, number_of_beds, room_type_id, floor_id) VALUES (159, 0, 0, 1, 16, 3);
INSERT INTO room (id, version, rating, number_of_beds, room_type_id, floor_id) VALUES (160, 0, 0, 2, 20, 6);
INSERT INTO room (id, version, rating, number_of_beds, room_type_id, floor_id) VALUES (161, 0, 0, 2, 12, 1);
INSERT INTO room (id, version, rating, number_of_beds, room_type_id, floor_id) VALUES (162, 0, 0, 3, 3, 4);
INSERT INTO room (id, version, rating, number_of_beds, room_type_id, floor_id) VALUES (163, 0, 0, 2, 37, 5);
INSERT INTO room (id, version, rating, number_of_beds, room_type_id, floor_id) VALUES (164, 0, 0, 2, 13, 3);
INSERT INTO room (id, version, rating, number_of_beds, room_type_id, floor_id) VALUES (165, 0, 0, 3, 20, 7);
INSERT INTO room (id, version, rating, number_of_beds, room_type_id, floor_id) VALUES (166, 0, 0, 1, 37, 3);
INSERT INTO room (id, version, rating, number_of_beds, room_type_id, floor_id) VALUES (167, 0, 0, 2, 3, 1);
INSERT INTO room (id, version, rating, number_of_beds, room_type_id, floor_id) VALUES (168, 0, 0, 2, 20, 5);
INSERT INTO room (id, version, rating, number_of_beds, room_type_id, floor_id) VALUES (169, 0, 0, 3, 25, 2);
INSERT INTO room (id, version, rating, number_of_beds, room_type_id, floor_id) VALUES (170, 0, 0, 3, 12, 5);
INSERT INTO room (id, version, rating, number_of_beds, room_type_id, floor_id) VALUES (171, 0, 0, 4, 16, 4);
INSERT INTO room (id, version, rating, number_of_beds, room_type_id, floor_id) VALUES (172, 0, 0, 4, 3, 7);
INSERT INTO room (id, version, rating, number_of_beds, room_type_id, floor_id) VALUES (173, 0, 0, 4, 6, 1);
INSERT INTO room (id, version, rating, number_of_beds, room_type_id, floor_id) VALUES (174, 0, 0, 4, 16, 3);
INSERT INTO room (id, version, rating, number_of_beds, room_type_id, floor_id) VALUES (175, 0, 0, 2, 24, 5);
INSERT INTO room (id, version, rating, number_of_beds, room_type_id, floor_id) VALUES (176, 0, 0, 2, 18, 1);
INSERT INTO room (id, version, rating, number_of_beds, room_type_id, floor_id) VALUES (177, 0, 0, 2, 25, 5);
INSERT INTO room (id, version, rating, number_of_beds, room_type_id, floor_id) VALUES (178, 0, 0, 1, 13, 5);
INSERT INTO room (id, version, rating, number_of_beds, room_type_id, floor_id) VALUES (179, 0, 0, 3, 20, 3);
INSERT INTO room (id, version, rating, number_of_beds, room_type_id, floor_id) VALUES (180, 0, 0, 3, 3, 4);

/* Kreiranje destinacija */
INSERT INTO destination (id, name, version) VALUES (1, 'K챕falos', 0);
INSERT INTO destination (id, name, version) VALUES (2, 'Kaducondong', 0);
INSERT INTO destination (id, name, version) VALUES (3, '훻ajni훾e', 0);
INSERT INTO destination (id, name, version) VALUES (4, 'Kinango', 0);
INSERT INTO destination (id, name, version) VALUES (5, 'A-da-Gorda', 0);
INSERT INTO destination (id, name, version) VALUES (6, 'Berbera', 0);
INSERT INTO destination (id, name, version) VALUES (7, 'Baras', 0);
INSERT INTO destination (id, name, version) VALUES (8, 'R챠o Colorado', 0);
INSERT INTO destination (id, name, version) VALUES (9, 'Sydney Mines', 0);
INSERT INTO destination (id, name, version) VALUES (10, 'Magetlegar', 0);
INSERT INTO destination (id, name, version) VALUES (11, 'Armenti챔res', 0);
INSERT INTO destination (id, name, version) VALUES (12, 'Muzayri', 0);
INSERT INTO destination (id, name, version) VALUES (13, 'San Onofre', 0);
INSERT INTO destination (id, name, version) VALUES (14, 'Sarae', 0);
INSERT INTO destination (id, name, version) VALUES (15, 'Berbek', 0);
INSERT INTO destination (id, name, version) VALUES (16, 'Tenkodogo', 0);
INSERT INTO destination (id, name, version) VALUES (17, 'Debrecen', 0);
INSERT INTO destination (id, name, version) VALUES (18, 'Danxi', 0);
INSERT INTO destination (id, name, version) VALUES (19, 'Pukou', 0);
INSERT INTO destination (id, name, version) VALUES (20, 'Mad카nat Sittah Ukt큰bar', 0);
INSERT INTO destination (id, name, version) VALUES (21, 'Hufeng', 0);
INSERT INTO destination (id, name, version) VALUES (22, 'Sheli', 0);
INSERT INTO destination (id, name, version) VALUES (23, 'Marianowo', 0);
INSERT INTO destination (id, name, version) VALUES (24, 'Dongshe', 0);
INSERT INTO destination (id, name, version) VALUES (25, 'V채nersborg', 0);
INSERT INTO destination (id, name, version) VALUES (26, 'N챤mes', 0);
INSERT INTO destination (id, name, version) VALUES (27, 'Uzlovaya', 0);
INSERT INTO destination (id, name, version) VALUES (28, 'La Argentina', 0);
INSERT INTO destination (id, name, version) VALUES (29, 'Potiskum', 0);
INSERT INTO destination (id, name, version) VALUES (30, 'Shiroishi', 0);
INSERT INTO destination (id, name, version) VALUES (31, 'Illintsi', 0);
INSERT INTO destination (id, name, version) VALUES (32, 'Bo훾ar', 0);
INSERT INTO destination (id, name, version) VALUES (33, 'Bilaran', 0);
INSERT INTO destination (id, name, version) VALUES (34, 'Mae Wang', 0);
INSERT INTO destination (id, name, version) VALUES (35, 'Kalwaria Zebrzydowska', 0);
INSERT INTO destination (id, name, version) VALUES (36, 'Tyukalinsk', 0);
INSERT INTO destination (id, name, version) VALUES (37, 'Moriya', 0);
INSERT INTO destination (id, name, version) VALUES (38, 'Stupari', 0);
INSERT INTO destination (id, name, version) VALUES (39, 'Londiani', 0);
INSERT INTO destination (id, name, version) VALUES (40, 'Wailebe', 0);
INSERT INTO destination (id, name, version) VALUES (41, 'Jatirogo', 0);
INSERT INTO destination (id, name, version) VALUES (42, 'Bile훶a', 0);
INSERT INTO destination (id, name, version) VALUES (43, 'Kuandian', 0);
INSERT INTO destination (id, name, version) VALUES (44, 'Habry', 0);
INSERT INTO destination (id, name, version) VALUES (45, 'La Carlota', 0);
INSERT INTO destination (id, name, version) VALUES (46, 'Duang', 0);
INSERT INTO destination (id, name, version) VALUES (47, 'Zhujiapu', 0);
INSERT INTO destination (id, name, version) VALUES (48, 'Singajaya', 0);
INSERT INTO destination (id, name, version) VALUES (49, 'Pho Thale', 0);
INSERT INTO destination (id, name, version) VALUES (50, 'Pailitas', 0);
INSERT INTO destination (id, name, version) VALUES (51, 'Pampa Hermosa', 0);
INSERT INTO destination (id, name, version) VALUES (52, 'Vies카te', 0);
INSERT INTO destination (id, name, version) VALUES (53, 'Guantun', 0);
INSERT INTO destination (id, name, version) VALUES (54, 'Gaocheng', 0);
INSERT INTO destination (id, name, version) VALUES (55, 'Venda', 0);
INSERT INTO destination (id, name, version) VALUES (56, 'Vogar', 0);
INSERT INTO destination (id, name, version) VALUES (57, 'Simpanganduwet', 0);
INSERT INTO destination (id, name, version) VALUES (58, 'Babakanjaya', 0);
INSERT INTO destination (id, name, version) VALUES (59, 'Pouso Alegre', 0);
INSERT INTO destination (id, name, version) VALUES (60, 'Kachkanar', 0);
INSERT INTO destination (id, name, version) VALUES (61, '힋toky', 0);
INSERT INTO destination (id, name, version) VALUES (62, 'Fenghuangdong', 0);
INSERT INTO destination (id, name, version) VALUES (63, 'Hongxingqiao', 0);
INSERT INTO destination (id, name, version) VALUES (64, 'El Viejo', 0);
INSERT INTO destination (id, name, version) VALUES (65, 'Shanmei', 0);
INSERT INTO destination (id, name, version) VALUES (66, 'San Pedro Necta', 0);
INSERT INTO destination (id, name, version) VALUES (67, 'Monter챠a', 0);
INSERT INTO destination (id, name, version) VALUES (68, 'Dayong', 0);
INSERT INTO destination (id, name, version) VALUES (69, 'Fresno', 0);
INSERT INTO destination (id, name, version) VALUES (70, 'Varpaisj채rvi', 0);
INSERT INTO destination (id, name, version) VALUES (71, 'Lagyn찼', 0);
INSERT INTO destination (id, name, version) VALUES (72, 'Sarkanjut', 0);
INSERT INTO destination (id, name, version) VALUES (73, 'Pompano Beach', 0);
INSERT INTO destination (id, name, version) VALUES (74, 'Kota Kinabalu', 0);
INSERT INTO destination (id, name, version) VALUES (75, 'Zhuji', 0);
INSERT INTO destination (id, name, version) VALUES (76, 'Xuxiake', 0);
INSERT INTO destination (id, name, version) VALUES (77, 'Sumberagung', 0);
INSERT INTO destination (id, name, version) VALUES (78, 'Yuanyang', 0);
INSERT INTO destination (id, name, version) VALUES (79, 'Kudang', 0);
INSERT INTO destination (id, name, version) VALUES (80, 'Loei', 0);
INSERT INTO destination (id, name, version) VALUES (81, 'Juvisy-sur-Orge', 0);
INSERT INTO destination (id, name, version) VALUES (82, 'Vamvako첬', 0);
INSERT INTO destination (id, name, version) VALUES (83, 'Makurdi', 0);
INSERT INTO destination (id, name, version) VALUES (84, 'Duayaw Nkwanta', 0);
INSERT INTO destination (id, name, version) VALUES (85, 'Paris 12', 0);
INSERT INTO destination (id, name, version) VALUES (86, 'San Jose', 0);
INSERT INTO destination (id, name, version) VALUES (87, 'Bailu', 0);
INSERT INTO destination (id, name, version) VALUES (88, 'Spas-Zaulok', 0);
INSERT INTO destination (id, name, version) VALUES (89, 'Patabog', 0);
INSERT INTO destination (id, name, version) VALUES (90, 'F찼tima', 0);
INSERT INTO destination (id, name, version) VALUES (91, 'Fuxing', 0);
INSERT INTO destination (id, name, version) VALUES (92, 'Prosyana', 0);
INSERT INTO destination (id, name, version) VALUES (93, 'Paupanda Bawah', 0);
INSERT INTO destination (id, name, version) VALUES (94, 'Lys찼 nad Labem', 0);
INSERT INTO destination (id, name, version) VALUES (95, 'Richard-Toll', 0);
INSERT INTO destination (id, name, version) VALUES (96, 'U챠ge', 0);
INSERT INTO destination (id, name, version) VALUES (97, 'Taiyu', 0);
INSERT INTO destination (id, name, version) VALUES (98, 'Auriflama', 0);
INSERT INTO destination (id, name, version) VALUES (99, 'Dongting', 0);
INSERT INTO destination (id, name, version) VALUES (100, 'Kouf찼lia', 0);

/* Kreiranje rent a car kompanija */
INSERT INTO rent_a_car (id, rating, version, address, description, name) VALUES (1, 0, 0, '52337 Logan Point', 'Automated bifurcated matrices', 'Reichel-Braun');
INSERT INTO rent_a_car (id, rating, version, address, description, name) VALUES (2, 0, 0, '205 Shoshone Way', 'Seamless neutral database', 'Smitham, Zulauf and Lebsack');
INSERT INTO rent_a_car (id, rating, version, address, description, name) VALUES (3, 0, 0, '5 Gale Pass', 'Business-focused user-facing capability', 'Corwin, Dietrich and Gerlach');
INSERT INTO rent_a_car (id, rating, version, address, description, name) VALUES (4, 0, 0, '09 Farmco Court', 'Persistent didactic secured line', 'Grant and Sons');
INSERT INTO rent_a_car (id, rating, version, address, description, name) VALUES (5, 0, 0, '748 Hanson Point', 'Managed static secured line', 'Miller Group');
INSERT INTO rent_a_car (id, rating, version, address, description, name) VALUES (6, 0, 0, '8649 Rigney Trail', 'Synergistic tangible middleware', 'Wiza-Daugherty');
INSERT INTO rent_a_car (id, rating, version, address, description, name) VALUES (7, 0, 0, '1542 Pearson Terrace', 'User-friendly impactful encryption', 'Conn-Boyer');
INSERT INTO rent_a_car (id, rating, version, address, description, name) VALUES (8, 0, 0, '641 Stephen Lane', 'Stand-alone bifurcated conglomeration', 'Schneider LLC');
INSERT INTO rent_a_car (id, rating, version, address, description, name) VALUES (9, 0, 0, '721 Katie Pass', 'Automated foreground functionalities', 'Armstrong, Hamill and Mayer');
INSERT INTO rent_a_car (id, rating, version, address, description, name) VALUES (10, 0, 0, '660 Stang Center', 'Digitized multi-tasking flexibility', 'Ferry, Rodriguez and Aufderhar');
/* Kreiranje filijala i povezivanje za kompanije */
INSERT INTO branch_office (id, version, address, location_id, rentacar_id) VALUES (1, 0, '8 Donald Circle', 72, 7);
INSERT INTO branch_office (id, version, address, location_id, rentacar_id) VALUES (2, 0, '2 Quincy Pass', 42, 1);
INSERT INTO branch_office (id, version, address, location_id, rentacar_id) VALUES (3, 0, '58 Ronald Regan Center', 48, 8);
INSERT INTO branch_office (id, version, address, location_id, rentacar_id) VALUES (4, 0, '536 Garrison Avenue', 55, 2);
INSERT INTO branch_office (id, version, address, location_id, rentacar_id) VALUES (5, 0, '7 Mccormick Parkway', 47, 3);
INSERT INTO branch_office (id, version, address, location_id, rentacar_id) VALUES (6, 0, '146 Debra Avenue', 81, 7);
INSERT INTO branch_office (id, version, address, location_id, rentacar_id) VALUES (7, 0, '93 3rd Junction', 77, 10);
INSERT INTO branch_office (id, version, address, location_id, rentacar_id) VALUES (8, 0, '74 Warrior Street', 31, 7);
INSERT INTO branch_office (id, version, address, location_id, rentacar_id) VALUES (9, 0, '110 Hoffman Way', 9, 10);
INSERT INTO branch_office (id, version, address, location_id, rentacar_id) VALUES (10, 0, '9 Norway Maple Drive', 44, 9);
INSERT INTO branch_office (id, version, address, location_id, rentacar_id) VALUES (11, 0, '639 Iowa Way', 37, 6);
INSERT INTO branch_office (id, version, address, location_id, rentacar_id) VALUES (12, 0, '091 Columbus Court', 60, 2);
INSERT INTO branch_office (id, version, address, location_id, rentacar_id) VALUES (13, 0, '9 3rd Lane', 45, 4);
INSERT INTO branch_office (id, version, address, location_id, rentacar_id) VALUES (14, 0, '5 Tennyson Pass', 7, 6);
INSERT INTO branch_office (id, version, address, location_id, rentacar_id) VALUES (15, 0, '89530 School Plaza', 43, 7);
INSERT INTO branch_office (id, version, address, location_id, rentacar_id) VALUES (16, 0, '9783 Carberry Drive', 19, 5);
INSERT INTO branch_office (id, version, address, location_id, rentacar_id) VALUES (17, 0, '5 Vera Pass', 3, 7);
INSERT INTO branch_office (id, version, address, location_id, rentacar_id) VALUES (18, 0, '4 Eastwood Trail', 41, 5);
INSERT INTO branch_office (id, version, address, location_id, rentacar_id) VALUES (19, 0, '8 Longview Street', 33, 5);
INSERT INTO branch_office (id, version, address, location_id, rentacar_id) VALUES (20, 0, '87294 Northport Trail', 56, 4);
/* Kreiranje vozila i povezivanje za filijale */
INSERT INTO vehicle (id, version, rating, brand, discount, model, price_per_day, production_year, seats_number, branch_office_id, type) VALUES (1, 0, 0, 'BMW', 1.21, 'X5', 37.0, 2005, 5, 17, 'Total');
INSERT INTO vehicle (id, version, rating, brand, discount, model, price_per_day, production_year, seats_number, branch_office_id, type) VALUES (2, 0, 0, 'Chevrolet', 3.55, 'Tahoe', 44.9, 1996, 5, 19, 'customer loyalty');
INSERT INTO vehicle (id, version, rating, brand, discount, model, price_per_day, production_year, seats_number, branch_office_id, type) VALUES (3, 0, 0, 'Saab', 2.14, '900', 23.6, 1990, 4, 4, 'client-server');
INSERT INTO vehicle (id, version, rating, brand, discount, model, price_per_day, production_year, seats_number, branch_office_id, type) VALUES (4, 0, 0, 'Dodge', 4.79, 'Ram 2500', 42.8, 1995, 4, 10, 'mission-critical');
INSERT INTO vehicle (id, version, rating, brand, discount, model, price_per_day, production_year, seats_number, branch_office_id, type) VALUES (5, 0, 0, 'Plymouth', 1.41, 'Neon', 54.4, 1998, 5, 3, 'Triple-buffered');
INSERT INTO vehicle (id, version, rating, brand, discount, model, price_per_day, production_year, seats_number, branch_office_id, type) VALUES (6, 0, 0, 'Chrysler', 0.09, 'Imperial', 20.1, 1926, 5, 12, 'Proactive');
INSERT INTO vehicle (id, version, rating, brand, discount, model, price_per_day, production_year, seats_number, branch_office_id, type) VALUES (7, 0, 0, 'Chevrolet', 4.8, 'Suburban 1500', 54.1, 2000, 5, 18, 'Diverse');
INSERT INTO vehicle (id, version, rating, brand, discount, model, price_per_day, production_year, seats_number, branch_office_id, type) VALUES (8, 0, 0, 'Ford', 4.34, 'F-Series', 43.1, 1991, 5, 3, 'motivating');
INSERT INTO vehicle (id, version, rating, brand, discount, model, price_per_day, production_year, seats_number, branch_office_id, type) VALUES (9, 0, 0, 'Ford', 3.84, 'Expedition', 54.7, 2009, 4, 9, 'infrastructure');
INSERT INTO vehicle (id, version, rating, brand, discount, model, price_per_day, production_year, seats_number, branch_office_id, type) VALUES (10, 0, 0, 'Lincoln', 2.35, 'Navigator L', 45.5, 2007, 5, 1, 'responsive');
INSERT INTO vehicle (id, version, rating, brand, discount, model, price_per_day, production_year, seats_number, branch_office_id, type) VALUES (11, 0, 0, 'Honda', 4.18, 'S2000', 37.4, 2007, 4, 8, 'matrix');
INSERT INTO vehicle (id, version, rating, brand, discount, model, price_per_day, production_year, seats_number, branch_office_id, type) VALUES (12, 0, 0, 'Chevrolet', 0.8, 'S10', 21.7, 2002, 4, 16, 'function');
INSERT INTO vehicle (id, version, rating, brand, discount, model, price_per_day, production_year, seats_number, branch_office_id, type) VALUES (13, 0, 0, 'Mercury', 2.96, 'Sable', 34.3, 2000, 4, 15, 'Robust');
INSERT INTO vehicle (id, version, rating, brand, discount, model, price_per_day, production_year, seats_number, branch_office_id, type) VALUES (14, 0, 0, 'Chevrolet', 4.2, 'Cavalier', 24.0, 1998, 4, 3, 'exuding');
INSERT INTO vehicle (id, version, rating, brand, discount, model, price_per_day, production_year, seats_number, branch_office_id, type) VALUES (15, 0, 0, 'Dodge', 1.72, 'Grand Caravan', 47.4, 2003, 5, 20, 'Optimized');
INSERT INTO vehicle (id, version, rating, brand, discount, model, price_per_day, production_year, seats_number, branch_office_id, type) VALUES (16, 0, 0, 'Lotus', 4.43, 'Esprit', 13.8, 2001, 5, 15, 'Graphic Interface');
INSERT INTO vehicle (id, version, rating, brand, discount, model, price_per_day, production_year, seats_number, branch_office_id, type) VALUES (17, 0, 0, 'Toyota', 3.07, 'Tundra', 20.4, 2009, 5, 9, 'Intuitive');
INSERT INTO vehicle (id, version, rating, brand, discount, model, price_per_day, production_year, seats_number, branch_office_id, type) VALUES (18, 0, 0, 'BMW', 4.81, 'Alpina B7', 50.5, 2008, 5, 10, 'Automated');
INSERT INTO vehicle (id, version, rating, brand, discount, model, price_per_day, production_year, seats_number, branch_office_id, type) VALUES (19, 0, 0, 'Kia', 2.02, 'Carens', 38.9, 2009, 4, 17, 'Cross-platform');
INSERT INTO vehicle (id, version, rating, brand, discount, model, price_per_day, production_year, seats_number, branch_office_id, type) VALUES (20, 0, 0, 'Dodge', 4.14, 'Ram 1500 Club', 28.6, 1998, 4, 14, 'productivity');
INSERT INTO vehicle (id, version, rating, brand, discount, model, price_per_day, production_year, seats_number, branch_office_id, type) VALUES (21, 0, 0, 'Volkswagen', 3.13, 'Touareg', 12.2, 2011, 4, 20, 'alliance');
INSERT INTO vehicle (id, version, rating, brand, discount, model, price_per_day, production_year, seats_number, branch_office_id, type) VALUES (22, 0, 0, 'Buick', 0.73, 'LeSabre', 32.9, 1994, 4, 8, 'Versatile');
INSERT INTO vehicle (id, version, rating, brand, discount, model, price_per_day, production_year, seats_number, branch_office_id, type) VALUES (23, 0, 0, 'Ford', 3.15, 'Contour', 36.8, 2000, 4, 14, 'superstructure');
INSERT INTO vehicle (id, version, rating, brand, discount, model, price_per_day, production_year, seats_number, branch_office_id, type) VALUES (24, 0, 0, 'Kia', 3.25, 'Sportage', 58.9, 2008, 5, 5, 'methodology');
INSERT INTO vehicle (id, version, rating, brand, discount, model, price_per_day, production_year, seats_number, branch_office_id, type) VALUES (25, 0, 0, 'Mitsubishi', 0.31, 'GTO', 50.3, 1996, 5, 8, 'value-added');
INSERT INTO vehicle (id, version, rating, brand, discount, model, price_per_day, production_year, seats_number, branch_office_id, type) VALUES (26, 0, 0, 'Mazda', 0.91, 'MX-3', 48.6, 1994, 4, 18, 'executive');
INSERT INTO vehicle (id, version, rating, brand, discount, model, price_per_day, production_year, seats_number, branch_office_id, type) VALUES (27, 0, 0, 'Chevrolet', 2.77, 'Suburban 2500', 33.9, 2000, 5, 4, 'non-volatile');
INSERT INTO vehicle (id, version, rating, brand, discount, model, price_per_day, production_year, seats_number, branch_office_id, type) VALUES (28, 0, 0, 'Toyota', 3.09, 'Tacoma Xtra', 45.3, 2001, 5, 3, 'Profit-focused');
INSERT INTO vehicle (id, version, rating, brand, discount, model, price_per_day, production_year, seats_number, branch_office_id, type) VALUES (29, 0, 0, 'Chevrolet', 3.81, 'Lumina', 17.8, 1997, 5, 1, 'concept');
INSERT INTO vehicle (id, version, rating, brand, discount, model, price_per_day, production_year, seats_number, branch_office_id, type) VALUES (30, 0, 0, 'Chevrolet', 2.55, 'Silverado 3500', 53.1, 2001, 4, 1, 'leading edge');
INSERT INTO vehicle (id, version, rating, brand, discount, model, price_per_day, production_year, seats_number, branch_office_id, type) VALUES (31, 0, 0, 'Lexus', 0.65, 'GS', 58.3, 2009, 4, 9, 'productivity');
INSERT INTO vehicle (id, version, rating, brand, discount, model, price_per_day, production_year, seats_number, branch_office_id, type) VALUES (32, 0, 0, 'Ford', 2.94, 'E350', 33.2, 2003, 5, 12, 'user-facing');
INSERT INTO vehicle (id, version, rating, brand, discount, model, price_per_day, production_year, seats_number, branch_office_id, type) VALUES (33, 0, 0, 'Toyota', 2.5, 'Celica', 13.6, 1998, 4, 11, 'responsive');
INSERT INTO vehicle (id, version, rating, brand, discount, model, price_per_day, production_year, seats_number, branch_office_id, type) VALUES (34, 0, 0, 'Nissan', 0.66, 'Murano', 45.0, 2007, 4, 18, 'Secured');
INSERT INTO vehicle (id, version, rating, brand, discount, model, price_per_day, production_year, seats_number, branch_office_id, type) VALUES (35, 0, 0, 'Toyota', 3.41, 'T100', 59.9, 1997, 5, 19, '3rd generation');
INSERT INTO vehicle (id, version, rating, brand, discount, model, price_per_day, production_year, seats_number, branch_office_id, type) VALUES (36, 0, 0, 'Mercedes-Benz', 4.33, 'C-Class', 13.9, 2008, 4, 14, 'Compatible');
INSERT INTO vehicle (id, version, rating, brand, discount, model, price_per_day, production_year, seats_number, branch_office_id, type) VALUES (37, 0, 0, 'Mitsubishi', 4.86, 'Tredia', 24.0, 1987, 4, 13, 'artificial intelligence');
INSERT INTO vehicle (id, version, rating, brand, discount, model, price_per_day, production_year, seats_number, branch_office_id, type) VALUES (38, 0, 0, 'Chevrolet', 4.73, 'Suburban', 11.4, 2006, 4, 14, 'regional');
INSERT INTO vehicle (id, version, rating, brand, discount, model, price_per_day, production_year, seats_number, branch_office_id, type) VALUES (39, 0, 0, 'Saab', 0.4, '9000', 44.7, 1989, 4, 8, 'neutral');
INSERT INTO vehicle (id, version, rating, brand, discount, model, price_per_day, production_year, seats_number, branch_office_id, type) VALUES (40, 0, 0, 'Lotus', 1.63, 'Exige', 41.7, 2005, 4, 14, 'Cloned');
INSERT INTO vehicle (id, version, rating, brand, discount, model, price_per_day, production_year, seats_number, branch_office_id, type) VALUES (41, 0, 0, 'Oldsmobile', 4.47, 'Cutlass Supreme', 41.3, 1994, 4, 19, 'interface');
INSERT INTO vehicle (id, version, rating, brand, discount, model, price_per_day, production_year, seats_number, branch_office_id, type) VALUES (42, 0, 0, 'Chevrolet', 4.17, 'Tahoe', 18.3, 1999, 5, 14, 'content-based');
INSERT INTO vehicle (id, version, rating, brand, discount, model, price_per_day, production_year, seats_number, branch_office_id, type) VALUES (43, 0, 0, 'Subaru', 3.18, 'XT', 55.8, 1985, 5, 16, 'high-level');
INSERT INTO vehicle (id, version, rating, brand, discount, model, price_per_day, production_year, seats_number, branch_office_id, type) VALUES (44, 0, 0, 'Mercury', 1.8, 'Cougar', 49.5, 2000, 5, 16, 'intangible');
INSERT INTO vehicle (id, version, rating, brand, discount, model, price_per_day, production_year, seats_number, branch_office_id, type) VALUES (45, 0, 0, 'Buick', 2.26, 'LeSabre', 49.8, 1995, 5, 4, 'infrastructure');
INSERT INTO vehicle (id, version, rating, brand, discount, model, price_per_day, production_year, seats_number, branch_office_id, type) VALUES (46, 0, 0, 'Lincoln', 2.37, 'MKZ', 24.8, 2011, 5, 18, 'homogeneous');
INSERT INTO vehicle (id, version, rating, brand, discount, model, price_per_day, production_year, seats_number, branch_office_id, type) VALUES (47, 0, 0, 'Cadillac', 1.55, 'Escalade EXT', 25.1, 2008, 5, 16, 'Persevering');
INSERT INTO vehicle (id, version, rating, brand, discount, model, price_per_day, production_year, seats_number, branch_office_id, type) VALUES (48, 0, 0, 'Oldsmobile', 1.26, 'Silhouette', 26.5, 1997, 5, 20, 'next generation');
INSERT INTO vehicle (id, version, rating, brand, discount, model, price_per_day, production_year, seats_number, branch_office_id, type) VALUES (49, 0, 0, 'Ford', 4.26, 'ZX2', 50.4, 2002, 5, 3, 'methodical');
INSERT INTO vehicle (id, version, rating, brand, discount, model, price_per_day, production_year, seats_number, branch_office_id, type) VALUES (50, 0, 0, 'Dodge', 4.65, 'Charger', 15.3, 1969, 5, 6, 'Synchronised');
